	last	first	c
0	Harrell	Dennis	Valenzuela-Meyer
1	Gregory	Vanessa	Valenzuela-Meyer
2	Mason	Tracy	Valenzuela-Meyer
3	Warner	Lindsay	Valenzuela-Meyer
4	Gibbs	Victoria        Valenzuela-Meyer
5	Ramos	Briana	Valenzuela-Meyer
6	Thomas	Paul	Valenzuela-Meyer
7	Fox	Ronnie	Valenzuela-Meyer
8	Zavala	Nicholas	Valenzuela-Meyer
9	Mitchell	Michael	Valenzuela-Meyer
10	Casey	Adam	Valenzuela-Meyer
11	Lopez	Olivia	Valenzuela-Meyer
12	Mejia	Anna	Valenzuela-Meyer
13	Williams	Elizabeth	Valenzuela-Meyer
