id,title,journal,vol,pages_start,pages_end,year,doi_isbn
1,"Synthesis, Structure, and Properties of Organic-Inorganic Perovskites and Related Materials",Progress in Inorganic Chemistry,48,1,121,1999,0-471-32623-2
2,A Layered Solution Crystal Growth Technique and the Crystal Structure of (C6H5C2H4NH3)2PbCl4,Journal of Solid State Chemistry,145,694,704,1999,
3,"Design, Structure, and Optical Properties of Organic-Inorganic Perovskites Containing an Oligothiophene Chromophore",Inorganic Chemistry,38,6246,6256,1999,
4,"Crystal structure of bis(2-anthrylmethylammonium) lead tetrachloride, (C15H11NH3)2PbCl4",Zeitschrift für Kristallographie - New Crystal Structures,214,335,336,1999,10.1515/ncrs-1999-0320
5,Structure change of Ca1-x SrxTiO3 perovskite with composition and pressure,American Mineralogist,87(8-9),1183,1189,2002,10.2138/am-2002-8-917
6,Tunable Semiconductors: Control over Carrier States and Excitations in Layered Hybrid Organic-Inorganic Perovskites,Physical Review Letters,121,146401-1,146401-6,2018,10.1103/PhysRevLett.121.146401
7,Two-Dimensional Lead(II) Halide-Based Hybrid Perovskites Templated by Acene Alkylamines: Crystal Str,Inorganic Chemistry,56,9291,9302,2017,10.1021/acs.inorgchem.7b01094
8,Poly[bis(phenethylammonium) [di-bromidoplumbate(II)]-di-l-bromido]],Acta Crystallographica,65,m1323,m1324,2009,10.1107/S160053680903712X
9,Preparation and Characterization of [C6H5CH2 NH3]2PbI4 [C6H5CH2CH2SC(NH2)2]3 PbI5 and [C10H7CH2NH3]P,Z. Naturforsch,54 b,1405,1409,1999,10.5517/cc4j5b4
10,"Crystal structure of bis(benzylammonium) lead tetrachloride,(C7H7NH3)2PbCl4",Zeitschrift für Kristallographie - New Crystal Structures,214,331,332,1999,10.1515/ncrs-1999-0318
11,"Crystal structure of bis(2-naphthylmethylammonium) lead tetra-chloride, (C11H9NH3)2PbCl4",Zeitschrift für Kristallographie - New Crystal Structures,214,333,334,1999,10.1515/ncrs-1999-0319
12,"Synthesis, Crystal Structure, and Optical and Thermal Properties of (C4H9NH3)2MI4 (M = Ge, Sn, Pb)",Chem. Mater.,8,791,800,1996,10.1021/cm9505097
13,Synthesis and crystal chemistry of the hybrid perovskite (CH3NH3)PbI3 for solid-state sensitised solar cell applications,Journal of Materials Chemistry,1,5628,5641,2013,10.1039/c3ta10518k
14,Complete structure and cation orientation in the perovskite photovoltaic methylammonium lead iodide between 100 and 352 K,Chemical Communications,51,4180,4183,2015,10.1039/c4cc09944c
15,Structural Study on Cubic-Tetragonal Transition of CH3NH3PbI3,Journal of the Physical Society of Japan,71,1694,1697,2002,10.1143/JPSJ.71.1694
17,Characterization of an abnormal photoluminescence behavior upon crystal-phase transition of perovskite CH3NH3PbI3,Physical Chemistry Chemical Physics,17,16405,16411,2015,10.1039/C5CP02605A
18,Free Carriers versus Excitons in CH3NH3PbI3 Perovskite Thin Films at Low Temperatures: Charge Transfer from the Orthorhombic Phase to the Tetragonal Phase,The Journal of Physical Chemistry Letters,7,2316,2321,2016,10.1021/acs.jpclett.6b00781
19,Formamidinium lead trihalide: a broadly tunable perovskite for efficient planar heterojunction solar cells,Energy & Environmental Science,7,982,988,2014,10.1039/c3ee43822h
20,Hybrid Perovskite Light-Emitting Diodes Based on Perovskite Nanocrystals with Organic-Inorganic Mixed Cations,Advanced Materials,29,1606405,1606405,2017,10.1002/adma.201606405
21,"A combined single crystal neutron/X-ray diffraction and solid-state nuclear magnetic resonance study of the hybrid perovskites CH3NH3PbX3 (X = I, Br and Cl)",Journal of Materials Chemistry A,3,9298,9307,2015,10.1039/c5ta01125f
22,"Semiconducting Tin and Lead Iodide Perovskites with Organic Cations: Phase Transitions, High Mobilities, and Near-Infrared Photoluminescent Properties",Inorganic Chemistry,52,9019,9038,2013,10.1021/ic401215x
23,"Single Crystal Formamidinium Lead Iodide (FAPbI3): Insight into the Structural, Optical, and Electrical Properties",Advanced Materials,28,2253,2258,2016,10.1002/adma.201505002
24,"Structures, Phase Transitions and Tricritical Behavior of the Hybrid Perovskite Methyl Ammonium Lead Iodide",Scientific Reports,6,35685:1,35685:15,2016,10.1038/srep35685
25,Organometal Halide Perovskites as Visible-Light Sensitizers for Photovoltaic Cells,Journal of the American Chemical Society,131,6050,6051,2009,10.1021/ja809598r
26,Atomistic Mechanism of Broadband Emission in Metal Halide Perovskites,The Journal of Physical Chemistry Letters,10,501,506,2019,10.1021/acs.jpclett.8b03717
27,"Transport, Optical, and Magnetic Properties of the Conducting Halide Perovskite CH3NH3SnI3",Journal of Solid State Chemistry,114,159,163,1995,10.1006/jssc.1995.1023
28,"Synthesis, Resistivity, and Thermal Properties of the Cubic Perovskite NH2CH=NH2SnI3 and Related Systems",Journal of Solid State Chemistry,134,376,381,1997,10.1006/jssc.1997.7593
29,Dynamic disorder in methylammoniumtrihalogenoplumbates (II) observed by millimeter-wave spectroscopy,The Journal of Chemical Physics,87,6373,6378,1987,10.1063/1.453467
30,"Alkylammonium lead halides. Part 2. CH3NH3PbX3 (X = Cl, Br, I) perovskites: cuboctahedral halide cages with isotropic cation reorientation",Canadian Journal of Chemistry,68,412,422,1990,10.1139/v90-063
31,"Phase transitions in the perovskite methylammonium lead bromide, CH3ND3PbBr3",Journal of Solid State Chemistry,176,97,104,2003,doi:10.1016/S0022-4596(03)00352-9
32,A Direct-Bandgap 2D Silver-Bismuth Iodide Double Perovskite: The Structure-Directing Influence of an Oligothiophene Spacer Cation.,JOURNAL OF THE AMERICAN CHEMICAL SOCIETY,141,7955,7964,2019,10.1021/jacs.9b02909
33,Intrinsic Defect Properties in Halide Double Perovskites for Optoelectronic Applications,Physical Review Applied,10,041001-1,041001-7,2018,10.1103/PhysRevApplied.10.041001
36,Tunable internal quantum well alignment in rationally designed oligomer-based perovskite films deposited by resonant infrared matrix-assisted pulsed laser evaporation,Mater. Horiz.,-,-,-,2019,10.1039/C9MH00366E
37,Formation of Surface Defects Dominates Ion Migration in Lead-Halide Perovskites,ACS Energy Letters,4,779,785,2019,10.1021/acsenergylett.9b00247
38,Self-Assembly of Broadband White-Light Emitters,JOURNAL OF THE AMERICAN CHEMICAL SOCIETY,136,1718,1721,2014,10.1021/ja411045r
39,Intrinsic White-Light Emission from Layered Hybrid Perovskites,JOURNAL OF THE AMERICAN CHEMICAL SOCIETY,136,13154,13157,2014,10.1021/ja507086b
40,Optical Investigation of Broadband White-Light Emission in SelfAssembled Organic-Inorganic Perovskite (C6H11NH3)2PbBr4,The journal of physical chemistry C,119,23638,23647,2015,10.1021/acs.jpcc.5b06211
41,Novel <110> -Oriented Organic-Inorganic Perovskite Compound Stabilized by N-(3-Aminopropyl)imidazole with Improved Optical Properties,Chemistry of Materials,18,3463,3469,2006,10.1021/cm060714u
42,Morphology-Independent Stable White-Light Emission from SelfAssembled Two-Dimensional Perovskites Driven by Strong Exciton- Phonon Coupling to the Organic Framework,Chemistry of Materials,29,3947,3953,2017,10.1021/acs.chemmater.7b00073
43,Tunable White-Light Emission in Single-Cation-Templated ThreeLayered 2D Perovskites (CH3CH2NH3)4Pb3Br10-xClx,JOURNAL OF THE AMERICAN CHEMICAL SOCIETY,139,11956,11963,2017,10.1021/jacs.7b06143
44,Formation of Long-Lived Color Centers for Broadband Visible Light Emission in Low-Dimensional Layered Perovskites,JOURNAL OF THE AMERICAN CHEMICAL SOCIETY,139,18632,18639,2017,10.1021/jacs.7b10223
45,Structural origins of broadband emission from layered Pb-Br hybrid perovskites,Chemical Science,8,4497,4504,2017,10.1039/c7sc01590a
46,White-Light Emission and Structural Distortion in New Corrugated Two-Dimensional Lead Bromide Perovskites,JOURNAL OF THE AMERICAN CHEMICAL SOCIETY,139,5210,5215,2017,10.1021/jacs.7b01312
47,Broadband Emission in Two-Dimensional Hybrid Perovskites: The Role of Structural Deformation,JOURNAL OF THE AMERICAN CHEMICAL SOCIETY,139,39,42,2017,10.1021/jacs.6b10390
48,Broadband white-light emission with a high color rendering index in a two-dimensional organic-inorganic hybrid perovskite,Journal of Materials Chemistry C,6,1171,1175,2018,10.1039/c7tc04868h
49,Broadband Emission in a New Two-Dimensional Cd-Based Hybrid Perovskite,ACS Photonics,5,1599,1611,2018,10.1021/acsphotonics.8b00052
50,Highly efficient white-light emission in a polar two-dimensional hybrid perovskite,Chemical Communications,54,4053,4056,2018,10.1039/c8cc01663a
51,CATION ROTATION IN METHYLAMMONIUM LEAD HALIDES,Solid State Communications,56,581,582,1985,10.1016/0038-1098(85)90959-7
52,Calorimetric and IR Spectroscopic Studies of Phase Transitions in Methylammonium Trihalogenoplumbates (II),Journal of Physics and Chemistry of Solids,51,1383,1395,1990,10.1016/0022-3697(90)90021-7
53,Ultra-Low Thermal Conductivity in Organic-Inorganic Hybrid Perovskite CH3NH3PbI3,The Journal of Physical Chemistry Letters,5,2488,2492,2014,dx.doi.org/10.1021/jz5012109
54,Size-dependent phase transition in methylammonium lead iodide perovskite microplate crystals,Nature Communications,7:11330,1,8,2016,10.1038/ncomms11330
55,"Temperature-dependent studies of exciton binding energy and phase-transition suppression in (Cs,FA,MA)Pb(I,Br)3 perovskites",APL Materials,7,031113-1,031113-8,2019,10.1063/1.5083792
56,Analysis of Multivalley and Multibandgap Absorption and Enhancement of Free Carriers Related to Exciton Screening in Hybrid Perovskites,The Journal of Physical Chemistry C,118,11566,11572,2014,10.1021/jp503337a
57,Excitons versus free charges in organo-lead tri-halide perovskites,Nature Communications,5,3586-1,3586-6,2014,10.1038/ncomms4586
58,Organic-Inorganic Perovskites Containing Trivalent Metal Halide Layers: The Templating Influence of the Organic Cation Layer,Inorganic Chemistry,39,6107,6113,2000,10.1021/ic000794i
59,Luminescent zero-dimensional organic metal halide hybrids with near-unity quantum efficiency,Chemical Science,9,586,593,2018,10.1039/c7sc04539e
60,Structural Diversity in White-Light-Emitting Hybrid Lead Bromide Perovskites,Journal of the American Chemical Society,140,13078,13088,2018,10.1021/jacs.8b08691
61,Synthetic control over orientational degeneracy of spacer cations enhances solar cell efficiency in two-dimensional perovskites,Nature Communicationsvolume,10,1276,1276,2019,s41467-019-08980-x
62,Giant Rashba splitting in 2D organic-inorganic halide perovskites measured by transient spectroscopies,SCIENCE ADVANCES,3,e1700704,e1700704,2017,10.1126/sciadv.1700704
63,Hybrid Dion-Jacobson 2D Lead Iodide Perovskites,Journal of the American Chemical Society,140 (10),3775,3783,2018,10.1021/jacs.8b00542
64,Aryl-Perfluoroaryl Interaction in TwoDimensional Organic-Inorganic Hybrid Perovskites Boosts Stability and Photovoltaic Efficiency,ACS Materials Letters,1,171,176,2019,doi.org/10.1021/acsmaterialslett.9b00102
65,Melting temperature suppression of layered hybrid lead halide perovskites via organic ammonium cation branching,Chemical Science,10,1168,1175,2019,10.1039/C8SC03863E
66,Photovoltaic Properties of Two-Dimensional (CH3NH3)2Pb(SCN)2I2 Perovskite: A Combined Experimental and Density Functional Theory Study,The Journal of Physical Chemistry Letters,7,1213,1218,2016,10.1021/acs.jpclett.6b00248
68,"Hybrid Germanium Iodide Perovskite Semiconductors: Active Lone Pairs, Structural Distortions, Direct and Indirect Energy Gaps, and Strong Nonlinear Optical Properties",J. Am. Chem. Soc.,137,6804,6819,2015,https://doi.org/10.1021/jacs.5b01025
69,Low-Dimensional Organic Tin Bromide Perovskites and Their Photoinduced Structural Transformation,Angew. Chem. Int. Ed.,56,9018,9022,17,DOI: 10.1002/anie.201702825
70,Hybrid Inorganic-Organic Materials with an Optoelectronically Active Aromatic Cation: (C7H7)2SnI6 and C7H7PbI3,Inorganic Chemistry,54,370,378,2015,10.1021/ic5025795
71,"Synthesis, Single-Crystal Structure and Characterization of (CH3NH3)2Pb(SCN)2I2",Angewandte Correspondence,54,11016,11017,2015,10.1002/anie.201506449
72,ABC,ABC,1,1,1,2019,10.1021/jacs.9b02909
73,Ruddlesden-Popper Hybrid Lead Iodide Perovskite 2D Homologous Semiconductors,Chemistry of Materials,28,2853,2867,2016,10.1021/acs.chemmater.6b00847
74,One-dimensional organic lead halide perovskites with efficient bluish white-light emission,Nature Communications,8,145051,145051,2017,10.1038/ncomms14051
75,A Layered Hybrid Perovskite Solar-Cell Absorber with Enhanced Moisture Stability,Angewandte Communications,53,11232,11235,2014,10.1002/anie.201406466
76,Luminescent zero-dimensional organic metal halide hybrids with near-unity quantum efficiency,Chemical Science,9,586,593,2018,10.1039/C7SC04539E
77,Two-Dimensional Lead Halide Perovskites Templated by a Conjugated Asymmetric Diammonium,Inorganic Chemistry,56,14991,14998,2017,doi.org/10.1021/acs.inorgchem.7b02285
78,Two-Dimensional Lead Halide Perovskites Templated by a Conjugated Asymmetric Diammonium,Inorganic Chemistry,56,14991,14998,2017,doi.org/10.1021/acs.inorgchem.7b02285
79,Layer-Dependent Rashba Band Splitting in 2D Hybrid Perovskites,Chemistry of Materials,30,8538,8545,2018,10.1021/acs.chemmater.8b03436
80,Layered structures of organic/inorganic hybrid halide perovskites,PHYSICAL REVIEW B,93,094105-1,094105-6,2016,http://dx.doi.org/10.1103/PhysRevB.93.094105
81,Highly Emissive Self-Trapped Excitons in Fully Inorganic Zero- Dimensional Tin Halides,Angewandte Chemie International Edition,57,11329,11333,2018,10.1002/anie.201806452
82,A One-Dimensional Organic Lead Chloride Hybrid with Excitation-Dependent Broadband Emissions,ACS Energy Letters,3,1443,1449,2018,10.1021/acsenergylett.8b00661
83,"Jun Hu, Wei You, to be published",/,/,/,/,2019,/
84,Highly Efficient Broadband Yellow Phosphor Based on Zero-Dimensional Tin Mixed-Halide Perovskite,ACS Applied Materials & Interfaces,9,44579,44583,2017,10.1021/acsami.7b12862
85,Two packing motifs based upon chains of edge-sharing PbI6 octahedra,Acta Crystallographica Section C,C62,m597,m601,2006,10.1107/S0108270106039746
86,Conducting Layered Organic-Inorganic Halides Containing <110>-Oriented Perovskite Sheets,Science,267,1473,1476,1995,10.1126/science.267.5203.1473
87,"Synthesis, characterization and phase transitions of the inorganic-organic layered perovskite-type hybrids [(CnH2n+1NH3)2PbI4](n = 12, 14, 16 and 18)",New Journal of Chemistry,32,1736,1746,2008,10.1039/b805417g
88,"Synthesis and Characterization of [NH2C(I)==NH2]3Ml5 (M = Sn, Pb): Stereochemical Activity in Divalent Tin and Lead Halides Containing Single <110> Perovskite Sheets",Journal of the American Chemical Society,117,5297,5302,1995,10.1021/ja00124a012
89,"Bis(propane-1,2-diammonium) hexaiodoplumbate(II) trihydrate",Acta Crystallographica,E62,m1103,m1105,2006,doi:10.1107/S1600536806013973
90,catena-Poly[bis(tert-butylammonium) [plumbate(II)-tri-l-iodo] iodide dihydrate],Acta Crystallographica,C62,m264,m266,2006,10.1107/S0108270106016167
91,catena-Poly[tetrakis(3-phenylpropylammonium) [iodoplumbate(II)-tri-m-iodo-plumbate(II)-tri-m-iodo-iodoplumbate(II)-di-m-iodo]],Acta Crystallographica,C62,m174,m176,2006,10.1107/S0108270106009127
92,Synthesis and structure of a new layered organic-inorganic compound containing unique chains of PbI2,Chemical Communications,7,697,698,1997,10.1039/A608415J
93,Structurally Tailored Organic-Inorganic Perovskites: Optical Properties and Solution-Processed Channel Materials for Thin-Film Transistors,Chemistry of Materials,13,3728,3740,2001,10.1021/cm010105g
94,Phenylamines as building blocks to layered inorganic-organic structures,CrystEngComm,6,437,442,2004,10.1039/b406671e
95,Phase-Pure Hybrid Layered Lead Iodide Perovskite Films Based on a Two-Step Melt-Processing Approach,Chemistry of Materials,31,4267,4274,2019,10.1021/acs.chemmater.9b01265
96,unpublished,-,-,-,-,-,
97,"Effect of Mono- versus Di-ammonium Cation of 2,2'-Bithiophene Derivatives on the Structure of Organic-Inorganic Hybrid Materials Based on Iodo Metallates",Inorganic Chemistry,42,5330,5339,2003,doi.org/10.1021/ic034235y
98,Cs2InAgCl6: A New Lead-Free Halide Double Perovskite with Direct Band Gap,The Journal of Physical Chemistry Letters,8,772,778,2017,10.1021/acs.jpclett.6b02682
99,Defect Tolerance to Intolerance in the Vacancy-Ordered Double Perovskite Semiconductors Cs2SnI6 and Cs2TeI6,Journal of the American Chemical Society,138,8453,8464,2016,10.1021/jacs.6b03207
100,"Synthesis, characterization and phase transitions of the inorganic-organic layered perovskite-type hybrids [(CnH2n+1NH3)2PbI4], n = 7, 8, 9 and 10",RSC publishing,41,1085,1408,2012,"Dalton Trans., 2012, 41, 1146–1157"
101,"The synthesis, structure and electronic properties of a lead-free hybrid inorganic-organic double perovskite (MA)2KBiCl6 (MA = methylammonium)",Materials Horizon,3,328,332,2016,10.1039/c6mh00053c
102,Tunable Charge Transport in Soluble Organic-Inorganic Hybrid Semiconductors,Chemistry of Materials,19,6312,6316,2007,10.1021/cm702405c
103,"Structural Phase Transitions of a Layered Organic-Inorganic Hybrid Compound: Tetra(cyclopentylammonium) Decachlorotricadmate(II), [C5H9NH3]4Cd3Cl10",Inorganic Chemistry,53,8913,8918,2014,10.1021/ic500554z
104,An organic-inorganic hybrid perovskite containing copper paddle-wheel clusters linking perovskite layers : [Cu(O2C-(CH2)3-NH3)2]PbBr4,Chemical Communications,7,844,845,2004,10.1039/B316847F
105,"Unique Hydrogen Bonding Correlating with a Reduced Band Gap and Phase Transition in the Hybrid Perovskites (HO(CH2)2NH3)2PbX4 (X ) I, Br)",Inorganic Chemistry,43,8361,8366,2004,10.1021/ic048814u
106,(C4H3SCH2NH3)2(CH3NH3)Pb2I7 : non-centrosymmetrical crystal structure of a bilayer hybrid perovskite,Chemical Communications,18,2160,2161,2002,10.1039/B205543K
107,Mechanical Tunability via Hydrogen Bonding in Metal-Organic Frameworks with the Perovskite Architecture,Journal of the American Chemical Society,136,7801,7804,2014,10.1021/ja500618z
108,Jahn-Teller Effect on Framework Flexibility of Hybrid Organic- Inorganic Perovskites,the Journal of Physical Chemistry Letters,9,751,755,2018,10.1021/acs.jpclett.7b03229
109,Two Chain Compounds of [M(N3)2(HCOO)][(CH3)2NH2] (M ) Fe and Co) with a Mixed Azido/Formato Bridge Displaying Metamagnetic Behavior,Inorganic Chemistry,45,2782,2784,2006,10.1021/ic0521527
110,"[CH3NH2(CH2)2NH2CH3][M2(HCOO)6] (M ) MnII and CoII): Weak Ferromagnetic Metal Formate Frameworks of Unique Binodal 6-Connected (412,63)(49,66) Topology, Templated by a Diammonium Cation",Inorganic Chemistry,46,8439,8441,2007,10.1021/ic700924j
111,Perovskite-like Metal Formates with Weak Ferromagnetism and as Precursors to Amorphous Materials,Inorganic Chemistry,43,4615,4625,2004,10.1021/ic0498081
112,"Layered 2D alkyldiammonium lead iodide perovskites: synthesis, characterization, and use in solar cells",Journal of Materials Chemistry A,4,15638,15646,2016,10.1039/c6ta05055g
113,Structural and electronic properties of the natural quantum-well system (C6H5CH2CH2NH3)2SnI4,Solid State Communications,91,695,698,1994,
114,Preparation and Characterization of (C6H5CH2CH2NH3)2SnI4 and (C6H5CH2CH2NH3)2SnBr4,Zeitschrift für Naturforschung,48 b,1013,1014,1993,
115,A near-room-temperature organic-inorganic hybrid ferroelectric: [C6H5CH2CH2NH3]2[CdI4],Chemical Communications,53,5764,5766,2017,10.1039/c7cc02408h
116,Ultra high phase transition temperature in a metal-halide perovskite-type material containing unprecedented hydrogen bonding interactions,Dalton Transactions,48,6621,6626,2019,10.1039/c9dt00945k
117,An organic-inorganic perovskite ferroelectric with large piezoelectric response,Science,357,306,309,2017,
118,"Extra thermo- and water-stable one-dimensional organic-inorganic hybrid perovskite [N-methyldabconium]PbI3 showing switchable dielectric behaviour, conductivity and bright yellow-green emission",Chemical Communications,54,4321,4324,2018,10.1039/c8cc00786a
119,"Phase Transition, Dielectric Properties, and Ionic Transport in the [(CH3)2NH2]PbI3 Organic-Inorganic Hybrid with 2H-Hexagonal Perovskite Structure",Inorganic Chemistry,56,4918,4927,2017,
120,"Phase Transition, Dielectrics, Single-Ion Conductance, and Thermochromic Luminescence of a Inorganic-Organic Hybrid of [Triethylpropylammonium][PbI3]",Inorganic Chemistry,56,9525,9534,2017,10.1021/acs.inorgchem.7b00881
121,"[(CH3)2NH2]7Pb4X15 (X = Cl- and Br-), 2D-Perovskite Related Hybrids with Dielectric Transitions and Broadband Photoluminiscent Emission",Inorganic Chemistry,57,3215,3222,2018,10.1021/acs.inorgchem.7b03217
122,Layered Germanium Hybrid Perovskite Bromides: Insights from Experiments and First-Principles Calculations,Advanced Functional Materials,29,1903528-1,1903528-9,2019,https://doi.org/10.1002/adfm.201903528
123,New class of lead free perovskite material for low-cost solar cell application,Materials Research Bulletin,97,572,577,2018,https://doi.org/10.1016/j.materresbull.2017.09.054
124,Properties and solar cell applications of Pb-free perovskite films formed by vapor deposition,RSC Advances,6,2819,2825,2016,10.1039/C5RA21291J
125,All vapor-deposited lead-free doped CsSnBr3 planar solar cells,Nano Energy,28,469,474,2016,https://doi.org/10.1016/j.nanoen.2016.09.009
126,Low-temperature processed solar cells with formamidinium tin halide perovskite/fullerene heterojunctions,Nano Research,9,1570,1577,2016,https://doi.org/10.1007/s12274-016-1051-8
127,Preparation and characterization of organic-inorganic hybrid perovskite (C4H9NH3)2CuCl4,Materials Science and Engineering: B,117,313,316,2005,https://doi.org/10.1016/j.mseb.2004.12.052
128,"Structures of (4-Y-C6H4CH2NH3)2PbI4 {Y = H, F, Cl, Br, I}: Tuning of Hybrid Organic Inorganic Perovskite Structures from Ruddlesden- Popper to Dion-Jacobson Limits",Chemistry of Materials,31,6145,6153,2019,10.1021/acs.chemmater.9b01564
129,"Two-Dimensional Halide Perovskites Incorporating Straight Chain Symmetric Diammonium Ions, (NH3CmH2mNH3)(CH3NH3)n-1PbnI3n+1 (m =4-9; n =1-4)",JOURNAL OF THE AMERICAN CHEMICAL SOCIETY,140,12226,12238,2018,10.1021/jacs.8b07712
130,"Organic-Inorganic Copper(II)-Based Material: A Low-Toxic, Highly Stable Light Absorber for Photovoltaic Application",J. Phys. Chem. Lett.,8,1804,1809,2017,https://doi.org/10.1021/acs.jpclett.7b00086
131,"Organic-inorganic bismuth (III)-based material: A leadfree, air-stable and solution-processable light-absorber beyond organolead perovskites",Nano Research,9,692,702,2016,DOI 10.1007/s12274-015-0948-y
132,Solution-processable antimony-based light-absorbing materials beyond lead halide perovskites,Journal of Materials Chemistry A,5,20843,20850,2017,10.1039/C7TA06679A
133,Two-Dimensional Dion - Jacobson Hybrid Lead Iodide Perovskites with Aromatic Diammonium Cations,J. Am. Chem. Soc.,141,12880,12890,2019,doi.org/10.1021/jacs.9b06398
134,Synthesis and crystal structures of inorganic-organic hybrids incorporating an aromatic amine with a chiral functional group,CrystEngComm,8,686,695,2006,10.1039/b606987h
135,Molecular engineering of organic-inorganic hybrid perovskites quantum wells,Nature Chemistry,11,1151,1157,2019,10.1038/s41557-019-0354-2
136,Control of Crystal Symmetry Breaking with Halogen-Substituted Benzylammonium in Layered Hybrid Metal-Halide Perovskites,J. Am. Chem. Soc.,142,5060,5067,2020,doi.org/10.1021/jacs.9b11809
137,Pressure-Induced Conductivity and Yellow-to-Black Piezochromism in a Layered Cu-Cl Hybrid Perovskite,Journal of the American Chemical Society,137,1673,1678,2015,10.1021/ja512396m
138,A Bismuth-Halide Double Perovskite with Long Carrier Recombination Lifetime for Photovoltaic Applications,Journal of the American Chemical Society,138,2138,2141,2016,10.1021/jacs.5b13294
139,Chemical Approaches to Addressing the Instability and Toxicity of Lead-Halide Perovskite Absorbers,Inorganic Chemistry,56,46,55,2017,10.1021/acs.inorgchem.6b01336
140,Decreasing the electronic confinement in layered perovskites through intercalation,Chemical Science,8,1960,1968,2017,10.1039/c6sc02848a
141,Large Spontaneous Polarization and Clear Hysteresis Loop of a Room-Temperature Hybrid Ferroelectric Based on Mixed-Halide [BiI3Cl2] Polar Chains and Methylviologen Dication,Journal of the American Chemical Society,133,14924,14927,2011,10.1021/ja206171
142,[((R)-C8H12N)4][Bi2Br10] and [((S)-C8H12N)4][Bi2Br10]: Chiral Hybrid Bismuth Bromides Templated by Chiral Organic Cations,ACS Omega,3,17895,17903,2018,10.1021/acsomega.8b02877
143,Defect-Induced Band-Edge Reconstruction of a Bismuth-Halide Double Perovskite for Visible-Light Absorption,Journal of the American Chemical Society,139,5015,5018,2017,10.1021/jacs.7b01629
144,Post-synthetic Halide Conversion and Selective Halogen Capture in Hybrid Perovskites,Chemical Science,6,4054,4059,2015,10.1039/c5sc01135c
145,Reversible and Irreversible Chemisorption in Nonporous-Crystalline Hybrids,Angewandte Chemie International Edition,53,1039,1042,2014,10.1002/anie.201309786
146,"Methylammonium Bismuth Iodide as a Lead-Free, Stable Hybrid Organic-Inorganic Solar Absorber",Chemistry: A European Journal,22,2605,2610,2016,10.1002/chem.201505055
147,Resolving Rotational Stacking Disorder and Electronic Level Alignment in a 2D Oligothiophene-Based Lead Iodide Perovskite,Chemistry of Materials,31,8523,8532,2019,10.1021/acs.chemmater.9b03208
148,Low temperature structural phase transition in the Ba2CaMoO6 perovskite,Journal of Solid State Chemistry,277,415,421,2019,10.1016/j.jssc.2019.06.037
149,Synthesis and Characterization of the Rare-Earth Hybrid Double Perovskites: (CH3NH3)2KGdCl6 and (CH3NH3)2KYCl6,The Journal of Physical Chemistry Letters,8,5015,5020,2017,10.1021/acs.jpclett.7b02322
150,Small-Band-Gap Halide Double Perovskites,Angewandte Chemie International Edition,57,12765,12770,2018,10.1002/anie.201807421
151,Highly Stable Lead-Free Perovskite Field-Effect Transistors Incorporating Linear p-Conjugated Organic Ligands,Journal of the American Chemical Society,141,15577,15585,2019,10.1021/jacs.9b06276
152,"Influence of One Specific Carbon-Carbon Bond on the Quality, Stability, and Photovoltaic Performance of Hybrid Organic-Inorganic Bismuth Iodide Materials",ACS Applied Energy Materials,2,1579,1587,2019,10.1021/acsaem.8b01809
153,Synthesis of Polycrystalline Ruddlesden-Popper Organic Lead Halides and Their Growth Dynamics,Chemistry of Materials,31,9472,9479,2019,10.1021/acs.chemmater.9b03439
154,Two-dimensional halide perovskite lateral epitaxial heterostructures,Nature,580,614,620,2020,10.1038/s41586-020-2219-7
155,Structural and spectral dynamics of single-crystalline Ruddlesden-Popper phase halide perovskite blue light-emitting diodes,Science Advances,6,eaay4045,eaay4045,2020,10.1126/sciadv.aay4045
156,Electron-phonon interaction in efficient perovskite blue emitters,Nature Materials,17,550,556,2018,10.1038/s41563-018-0081-x
157,Spin-dependent charge transport through 2D chiral hybrid lead-iodide perovskites,Science Advances,5,eaay0571,eaay0571,2019,10.1126/sciadv.aay0571
158,Lead and HTM Free Stable Two-Dimensional Tin Perovskites with Suitable Band Gap for Solar Cell Applications,Angewandte Chemie International Edition,58,1072,1076,2019,10.1002/anie.201811497
159,Structural Tunability and Diversity of Two-Dimensional Lead Halide Benzenethiolate,Chemistry – A European Journal,26,6599,6607,2020,10.1002/chem.201905790
160,"New Type of 2D Perovskites with Alternating Cations in the Interlayer Space, (C(NH2)3)(CH3NH3)nPbnI3n+1: Structure, Properties, and Photovoltaic Performance",Journal of the American Chemical Society,139,16297,16309,2017,10.1021/jacs.7b09096
161,Role of Organic Counterion in Lead- and Tin-Based Two-Dimensional Semiconducting Iodide Perovskites and Application in Planar Solar Cells,Chemistry of Materials,28,7781,7792,2016,10.1021/acs.chemmater.6b03054
162,Layered Hybrid Perovskites with Micropores Created by Alkylammonium Functional Silsesquioxane Interlayers,American chemical society,0,4158,4163,2015,https://doi.org/10.1021/jacs.5b00290
163,Luminescent and Photoconductive Layered Lead Halide Perovskite Compounds Comprising Mixtures of Cesium and Guanidinium Cations,Inorganic Chemistry,56,11552,11564,2017,10.1021/acs.inorgchem.7b01204
164,High-Temperature Antiferroelectric of Lead Iodide Hybrid Perovskites,Journal of the American Chemical Society,141,12470,12474,2019,10.1021/jacs.9b05124
165,"High Members of the 2D Ruddlesden-Popper Halide Perovskites: Synthesis, Optical Properties, and Solar Cells of (CH3(CH2)3NH3)2(CH3NH3)4Pb5I16",Chem,2,427,440,2017,10.1016/j.chempr.2017.02.004
166,[Am]Mn(H2POO)3: A New Family of Hybrid Perovskites Based on the Hypophosphite Ligand,American chemical society,139,16999,17002,2017,10.1021/jacs.7b09417
167,Ferroelectricity and Rashba Effect in a Two-Dimensional Dion-Jacobson Hybrid Organic-Inorganic Perovskite,Journal of the American Chemical Society,141,15972,15976,2019,10.1021/jacs.9b07776
168,Three-dimensional Lead Iodide Perovskitoid Hybrids with High X-ray Photoresponse,Journal of the American Chemical Society,142,6625,6637,2020,10.1021/jacs.0c00101
169,Ultrafast All-Optical Modulation in 2D Hybrid Perovskites,Journal of the American Chemical Society,13 (8),9504,9510,2019,10.1021/acsnano.9b04483
170,Molecular Intercalation and Electronic Two Dimensionality in Layered Hybrid Perovskites,Angewandte Chemie International Edition,59,11653,11659,2020,https://doi.org/10.1002/anie.202003509
171,Highly Distorted Chiral Two-Dimensional Tin Iodide Perovskites for Spin Polarized Charge Transport,Journal of the American Chemical Society,NA,NA,NA,2020,10.1021/jacs.0c03899
172,Triiodide-Induced Band-Edge Reconstruction of a Lead-Free Perovskite-Derivative Hybrid for Strong Light Absorption,American chemical society,30,4081,4088,2018,https://doi.org/10.1021/acs.chemmater.8b01200
173,Discovery of an Above-Room-Temperature Antiferroelectric in Two-Dimensional Hybrid Perovskite,American chemical society,141,3812,3816,2019,https://doi.org/10.1021/jacs.8b13827
174,"Effect of heteroatoms in the inorganic-organic layered perovskite-type hybrids [(ZCnH2nNH3)2PbI4], n = 2, 3, 4, 5, 6; Z = OH, Br and I; and [(H3NC2H4S2C2H4NH3)PbI4]",CrystEngComm,12,1290,1301,2010,10.1039/B917824D
175,Enhanced Out-of-Plane Conductivity and Photovoltaic Performance in n = 1 Layered Perovskites through Organic Cation Design,Journal of the American Chemical Society,140,7313,7323,2018,10.1021/jacs.8b03659
176,Observation of Vortex Domains in a Two-Dimensional Lead Iodide Perovskite Ferroelectric,American chemical society,142,4952,4931,2020,https://doi.org/10.1021/jacs.0c00371
177,Tunable exciton binding energy in 2D hybrid layered perovskites through donor-acceptor interactions within the organic layer,Nature Chemistry,NA,1,11,2020,10.1038/s41557-020-0488-2
178,Lead-Free MA2CuClxBr4-x Hybrid Perovskites,American chemical society,55,1044,1052,2016,10.1021/acs.inorgchem.5b01896
179,Reversible Medium Dependent Solid-Solid Phase Transformations in 2D Hybrid Perovskites,American chemical society,28,5522,5529,2016,https://doi.org/10.1021/acs.chemmater.6b02208
180,Crystal Growth of the Perovskite Semiconductor CsPbBr3: A New Material for High-Energy Radiation Detection,Crystal Growth and Design,138,2722,2727,2013,10.1021/cg400645t
181,CsSnI3: Semiconductor or Metal? High Electrical Conductivity and Strong Near-Infrared Photoluminescence from a Single Material. High Hole Mobility and Phase-Transitions,Journal of the American Chemical Society,134,8579,8587,2012,10.1021/ja301539s
182,Nanorod Suprastructures from a Ternary Graphene Oxide-Polymer-CsPbX3 Perovskite Nanocrystal Composite That Display High Environmental Stability,American chemical society,17,6759,6765,2017,10.1021/acs.nanolett.7b02959
183,Structure-Band Gap Relationships in Hexagonal Polytypes and Low- Dimensional Structures of Hybrid Tin Iodide Perovskites,Inorganic Chemistry,56,56,73,2016,10.1021/acs.inorgchem.6b02764
184,Thermodynamic Profiles at the Solvated Inorganic-Organic Interface: The case of Gold-Thiolate Monolayers,American chemical society,13,4442,4448,2013,https://doi.org/10.1021/nl402315z
185,Growth and Anion Exchange Conversion of CH3NH3PbX3 Nanorod Arrays for Light-Emitting Diodes,American chemical society,15,5519,5524,2015,https://doi.org/10.1021/acs.nanolett.5b02082
186,Inorganic-organic hybrid materials incorporating primary cyclic ammonium cations: The lead iodide series,CrystEngComm,9,236,244,2007,10.1039/B618196A
187,Reduced Band Gap Hybrid Perovskites Resulting from Combined Hydrogen and Halogen Bonding at the Organic-Inorganic Interface,Chemistry of Materials,19,600,607,2007,10.1021/cm062380e
188,First-Principles Design of New Electrodes for Proton-Conducting Solid-Oxide Electrochemical Cells: A-Site Doped Sr2Fe1.5Mo0.5O6-d Perovskite,American chemical society,28,490,500,2015,https://doi.org/10.1021/acs.chemmater.5b03262
189,Self-Powered pH Sensor based on a Flexible Organic- Inorganic Hybrid Composite Nanogenerator,16,6,13716,13723,2014,https://doi.org/10.1021/am5031648
190,Stable 6H Organic-Inorganic Hybrid Lead Perovskite and Competitive Formation of 6H and 3C Perovskite Structure with Mixed A Cations,American chemical society,8,5427,5437,2019,https://doi.org/10.1021/acsaem.9b00419
191,Unpublished,--,--,--,--,--,--
192,Inorganic-organic hybrid materials incorporating primary cyclic ammonium cations: The lead bromide and chloride series,CrystEngComm,11,1549,1562,2009,10.1039/B819455F
193,Mechanism for Broadband White-Light Emission from Two-Dimensional (110) Hybrid Perovskites,American chemical society,12,2258,2263,2016,https://doi.org/10.1021/acs.jpclett.6b00793
194,High-Pressure Single-Crystal Structures of 3D Lead-Halide Hybrid Perovskites and Pressure Effects on their Electronic and Optical Properties,American chemical society,4,201,209,2016,https://doi.org/10.1021/acscentsci.6b00055
195,Uniaxial Expansion of the 2D Ruddlesden-Popper Perovskite Family for Improved Environmental Stability,Journal of the American Chemical Society,141,5518,5534,2019,10.1021/jacs.9b01327
196,"Synthesis, structure and optical properties of new organic-inorganic haloplumbates complexes (C5H10N3)PbX4 (X=Br, Cl), (C2H2N4)PbBr3",Journal of Solid State Chemistry,180,173,179,2007,10.1016/j.jssc.2006.09.023
197,Bismuth Based Hybrid Perovskites A3Bi2I9 (A: Methylammonium or Cesium) for Solar Cell Application,Advanced Materials,27,6806,6813,2015,https://doi.org/10.1002/adma.201501978
198,Organic Cation Alloying on Intralayer A and Interlayer A' sites in 2D Hybrid Dion-Jacobson Lead Bromide Perovskites (A')(A)Pb2Br7,Journal of the American Chemical Society,142,8342,8351,2020,10.1021/jacs.0c01625
199,[(CH3)3NCH2CH2NH3]SnI4:  A Layered Perovskite with Quaternary/Primary Ammonium Dications and Short Interlayer Iodine-Iodine Contacts,Inorganic Chemistry,42,1400,1402,2003,10.1021/ic0261981
200,"[(H2en)7(C2O4)2] n (Pb4I18) n *4nH2O, a New Type of Perovskite Co-templated by Both Organic Cations and Anions",Inorganic Chemistry,45,10028,10030,2006,10.1021/ic061555j
201,Intercalated Organic-Inorganic Perovskites Stabilized by Fluoroaryl-Aryl Interactions,Inorganic Chemistry,41,2134,2145,2002,10.1021/ic011190x
202,Improved Photovoltaic Efficiency and Amplified Photocurrent Generation in Mesoporous n = 1 Two-Dimensional Lead-Iodide Perovskite Solar Cells,Chemistry of Materials,31,890,898,2019,10.1021/acs.chemmater.8b04064
203,Influence of the Dimensionality and Organic Cation on Crystal and Electronic Structure of Organometalic Halide Perovskites,The Journal of Physical Chemistry,121,6569,6574,2017,10.1021/acs.jpcc.7b00890
204,Direct Observation of Electron-Phonon Coupling and Slow Vibrational Relaxation in Organic-Inorganic Hybrid Perovskites,American chemical society,42,13798,13801,2016,https://doi.org/10.1021/jacs.6b08175
205,Origin of Reversible Photoinduced Phase Separation in Hybrid Perovskites,Nano Letters,17,1028,1033,2017,https://doi.org/10.1021/acs.nanolett.6b04453
206,Sensitized Molecular Triplet and Triplet Excimer Emission in 2D Hybrid Perovskites,American chemical society,11,2247,2255,2020,https://doi.org/10.1021/acs.jpclett.0c00360
207,Spin-optoelectronic devices based on hybrid organic-inorganic trihalide perovskites,Nature Communications,10,1,6,2019,https://doi.org/10.1038/s41467-018-07952-x
208,Molecular design and photovoltaic performance of a novel thiocyanate-based layered organometal perovskite material,Synthetic Metals,215,56,63,2016,10.1016/j.synthmet.2015.11.028
209,Singe-crystal microplates of two-dimensional organic-inorganic lead halide layered perovskites for optoelectronics,Nano Research,10,2117,2129,2017,10.1007/s12274-016-1401-6
210,Preparation and Characterization of layered lead halide compounds,Journal of the American Chemical Society,113,2328,2330,1991,10.1021/ja00006a076
211,Longer Cations Increase Energetic Disorder in Excitonic 2D Hybrid Perovskites,The Journal of Physical Chemistry Letters,10,1198,1205,2019,10.1021/acs.jpclett.9b00247
212,Ab initio modeling of 2D layered organohalide lead perovskites,The Journal of Chemical Physics,144,164701,164714,2016,10.1063/1.4947305
213,Bilayered Hybrid Perovskite Ferroelectric with Giant Two-Photon Absorption,Journal of the American Chemical Society,140,6806,6809,2018,10.1021/jacs.8b04014
214,Unpublished,---,---,---,---,---,---
215,Organic-to-inorganic structural chirality transfer in a 2D hybrid perovskite and impact on Rashba-Dresselhaus spin-orbit coupling.,Nature Communications (accepted),11,XXXX,XXXX,2020,10.1038/s41467-020-18485-7
216,Bandgap Engineering of Lead-Halide Perovskite-Type Ferroelectrics,Advanced Materials,28,2579,2586,2016,10.1002/adma.201505224
217,"Semiconducting Perovskites (2-XC6H4C2H4NH3)2SnI4 (X = F, Cl, Br): Steric Interaction between the Organic and Inorganic Layers",Inorganic Chemistry,42,2031,2039,2003,10.1021/ic0261474
218,Two-Dimensional Hybrid Perovskite-Type Ferroelectric for Highly Polarization-Sensitive Shortwave Photodetection,Journal of the American Chemical Society,141,2623,2629,2019,10.1021/jacs.8b12948
219,Ultrapure Green Light-Emitting Diodes Using Two-Dimensional Formamidinium Perovskites: Achieving Recommendation 2020 Color Coordinates,Nano Letters,9,5277,5284,2017,https://doi.org/10.1021/acs.nanolett.7b01544
220,Thin film perovskite light-emitting diode based on CsPbBr3 powders and interfacial engineering,ScienceDirect,37,40,45,2017,https://doi.org/10.1016/j.nanoen.2017.05.005
221,High-Performance Color-Tunable Perovskite Light Emitting Devices through Structural Modulation from Bulk to Layered Film,Advanced Materials,29,1603157,1603165,2016,10.1002/adma.201603157
222,Centimeter-size square 2D layered Pb-free hybrid perovskite single crystal (CH3NH3)2MnCl4 for red photoluminescence,Royal Society of Chemistry,21,4085,4091,2019,10.1039/c9ce00591a
223,Unprecedented Ferroelectric-Antiferroelectric-Paraelectric Phase Transitions Discovered in an Organic-Inorganic Hybrid Perovskite,American chemical society,139,8752,8757,2017,https://doi.org/10.1021/jacs.7b04693
224,"Small Cyclic Diammonium Cation Templated (110)-Oriented 2D Halide (X = I, Br, Cl) Perovskites with White-Light Emission",Chemistry of Materials,31,3582,3590,2019,10.1021/acs.chemmater.9b01511
225,0D and 2D: The Cases of Phenylethylammonium Tin Bromide Hybrids,Chemistry of Materials,32,4692,4698,2020,10.1021/acs.chemmater.0c01254.s001
226,SnI42--Based Hybrid Perovskites Templated by Multiple Organic Cations:  Combining Organic Functionalities through Noncovalent Interactions,Chemistry of Materials,15,3632,3637,2003,10.1021/cm034267j
227,Solution-Phase Synthesis of Cesium Lead Halide Perovskite Nanowires,American Chemistry Society,137,9230,9233,2015,https://doi.org/10.1021/jacs.5b05404
228,Coexisting Ferromagnetic and Ferroelectric Order in a CuCl4-based Organic-Inorganic Hybrid,Chemistry of Materials,24,133,139,2012,https://doi.org/10.1021/cm2023696
229,Alternative Organic Spacers for More Efficient Perovskite Solar Cells Containing Ruddlesden-Popper Phases,Journal of the American Chemical Society,142,19705,19714,2020,10.1021/jacs.0c09647
230,Negative Pressure Engineering with Large Cage Cations in 2D Halide Perovskites Causes Lattice Softening,Journal of the American Chemical Society,142,11486,11496,2020,10.1021/jacs.0c03860
231,Expanded Analogs of Three-Dimensional Lead-Halide Hybrid Perovskites,Angewandte Chemie International Edition,59,19087,19094,2020,10.1002/anie.202005012
232,"Tetrasubstituted Thieno[3,2-b]thiophenes as Hole-Transporting Materials for Perovskite Solar Cells",ACS,https://doi.org/10.1021/acs.joc.9b02769,224,233,2019,https://doi.org/10.1021/acs.joc.9b02769
233,"Facile and Scalable Synthesis of the Fused-Ring Heterocycles Thieno[3,2-b]thiophene and Thieno[3,2-b]furan",ACS,14,3144,3147,2009,https://doi.org/10.1021/ol9010745
234,Long-range exciton transport and slow annihilation in two-dimensional hybrid perovskites,ACS,11,1,8,2020,https://doi.org/10.1038/s41467-020-14403-z
235,In situ induced core/shell stabilized hybrid perovskites via gallium(iii) acetylacetonate intermediate towards highly efficient and stable solar cells,Royal Society of Chemistry,11,286,293,2018,https://doi.org/10.1039/C7EE03113K
236,Defect Passivation of Organic-Inorganic Hybrid Perovskites by Diammonium Iodide towards High-Performance Photovoltaic Devices,ACS,4,757,763,2016,https://doi.org/10.1021/acsenergylett.6b00327
237,Mixed-halide perovskite synthesis by chemical reaction and crystal nucleation under an optical potential,NPG Asia Materials,11,1,7,2019,https://doi.org/10.1038/s41427-019-0131-0
238,Water-Stable 1D Hybrid Tin(II) Iodide Emits Broad Light with 36% Photoluminescence Quantum Efficiency,Journal of the American Chemical Society,142,9028,9038,2020,10.1021/jacs.0c03004
239,"Disphenoidal zero-dimensional lead, tin, and germanium halides: highly emissive singlet and triplet self-trapped excitons and X-ray scintillation",Journal of the American Chemical Society,141,9764,9768,2019,10.1021/jacs.9b02365
240,Phosphonium-Based One-Dimensional Perovskite with Switchable Dielectric Behaviors and Phase Transitions,Inorganic Chemistry,59,18396,18401,2020,10.1021/acs.inorgchem.0c03008
241,Synthesis of the Sn-based CaSnS3 chalcogenide perovskite thin film as a highly stable photoabsorber for optoelectronic applications,Alloys and compounds,851,253,265,2021,https://doi.org/10.1016/j.jallcom.2020.156790
242,Two-dimensional organic-inorganic hybrid Perovskites: a new platform for optoelectronic applications,Wiley Online Library,30,10,48,2018,https://doi.org/10.1002/adma.201802041
243,Enhancing Photovoltaic Performance of Aromatic Ammonium-based Two-Dimensional Organic-Inorganic Hybrid Perovskites via Tuning CH***p Interaction,Wiley Online Library,4,10,30,2019,https://doi.org/10.1002/solr.201900374
244,Stereochemically active lead chloride enantiomers mediated by homochiral organic cation,Polyhedron,158,445,448,2019,10.1016/j.poly.2018.11.026
245,Efficient Energy Funneling in Quasi-2D Perovskites: From Light Emission to Lasing.,Europe PMC,32,1,16,2020,10.1002/adma.201906571
246,Operational stability of perovskite light emitting diodes,JPhys Materials,3,1,20,2020,10.1088/2515-7639/ab60c4
247,Pentacene and tetracene molecules and films on H/Si(111): level alignment from hybrid density functional theory,NSF-PAR,2,035002,035045,2020,10.1088/2516-1075/ab9bb5
248,Reversible Crystal-Glass Transition in a Metal Halide Perovskite,Advanced Materials,33,2005868,2005868,2020,10.1002/adma.202005868
249,Charge Transfer States and Carrier Generation in 1D Organolead Iodide Semiconductors,The Royal Society of Chemistry,1111,1,16,2021,https://doi.org/10.1039/D1TA03325E
250,Structural descriptor for enhanced spin-splitting in 2D hybrid perovskites,Reserach Square,19,2,30,2021,https://doi.org/10.21203/rs.3.rs-472412/v1
251,Structural descriptor for enhanced spin-splitting in 2D hybrid perovskites,Nature Communications (accepted),-,-,-,2021,-
252,Mechanics-coupled stability of metal-halide perovskites,ScienceDirect,4,1,45,2021,https://doi.org/10.1016/j.matt.2021.06.028
253,Surface Reconstruction of Halide Perovskites during Post-treatment,ACS Publications,18,6781,6786,2021,https://doi.org/10.1021/jacs.1c00757
254,Stretching and Breaking of Ultrathin 2D Hybrid Organic-Inorganic Perovskites,ACS Publications,10,10347,10354,2018,https://doi.org/10.1021/acsnano.8b05623
255,Exploring the Factors Affecting the Mechanical Properties of 2D Hybrid Organic-Inorganic Perovskites,ACS Publications,12,20440,20447,2020,
256,Decreasing Structural Dimensionality of Double Perovskites for Phase Stabilization toward Efficient X-ray Detection,ACS Applied Materials & Interfaces,13,61447,61453,2021,https://doi.org/10.1021/acsami.1c20234
257,"The synthesis, structure and electronic properties of a lead-free hybrid inorganic-organic double perovskite (MA)2KBiCl6 (MA = methylammonium)+",Materials Horizons,3,328,332,2016,10.1039/c6mh00053c
258,Exploring the properties of lead-free hybrid double perovskites using a combined computational-experimental approach+,Journals of Materials Chemistry A,4,12025,12029,2016,10.1039/c6ta05817e
259,Synthesis and Properties of a Lead-Free Hybrid Double Perovskite: (CH3NH3)2AgBiBr6,Chemistry of Materials,29,1089,1094,2017,https://doi.org/10.1021/acs.chemmater.6b03944
260,"Composition design, optical gap and stability investigations of lead-free halide double perovskite Cs2AgInCl6",Journal of Materials Chemistry A,29,15031,15037,2017,https://doi.org/10.1039/C7TA04690A
261,Excitons and biexcitons bound to a positive ion in a bismuth-doped inorganic-organic layered lead iodide semiconductor,PHYSICAL REVIEW B,70,205330-1,205330-6,2004,10.1103/PhysRevB.70.205330
