id,starting_materials,product,dataset_id
2,"FABr, PbBr2, CsBr, toluene, THF",Thin film/Solution,128
3,"Lead(II) acetate (Chemical Reagents, Sigma), concentrated aqueous HCl, CH3NH2 (40% soluble in water, Merck)","MAPbCl3 single crystal ~1mm, colorless",129
4,"Lead(II) acetate (Chemical Reagents, Sigma), concentrated aqueous HBr, CH3NH2 (40% soluble in water, Merck)","MAPbBr3 single crystal ~0.1mm, bright red/orange",131
5,"Lead(II) acetate (Chemical Reagents, Sigma), concentrated aqueous HI, CH3NH2 (40% soluble in water, Merck)",MAPbI3 Single crystal,132
6,"Methylamine (40% in methanol), hydroiodic acid (57 wt% in water), PbI2, g-butyrolactone, H2O2, NH4OH, Si wafer",MAPbI3 film,134
7,"PbI2, dimethylformamide, quartz substrate, CH3NH3I (in 0.06 M 2-propanol)",MAPbI3 film,135
8,"PbI2, dimethylformamide, quartz substrate, CH3NH3I (in 0.06 M 2-propanol)",MAPbI3 film,136
9,"Methylamine (CH3NH2), (HI) 57 wt % in water, PbI2",MAPbI3 film,137
10,"FABr, PbBr2, CsBr, toluene, THF",Thin film,138
11,"Lead (II) acetate trihydrate (Pb(ac) 2·3H2O, 99%), fomamidine acetate salt (FAac, 99%), lead iodide (PbI2 , 99.999%), hydriodic acid (HI) (57% w/w aq. soln., stab with 1.5% hypophosphorous acid), and gamma-butyrolactone (GBL, 99%) were purchased from Sigma-Aldrich",FAPbI3 Single crystal 5 mm Black,139
13,"CH3NH3I [from synthesis], SnI2 [from synthesis], distilled HI 57% (99.95%), H3PO2 50%",Black MASnI3 crystals,144
14,"HC(NH2)2I [from synthesis], SnI2 [from synthesis], distilled HI 57% (99.95%), H3PO2 50%",Black FASnI3 crystals,146
15,"CH3NH3I [from syn], PbI2 [from syn], distilled HI 57% (99.95%), H3PO2 50%",Black MAPbI3 crystals,147
16,"HC(NH2)2I, PbI2, distilled HI 57% (99.95%), H3PO2 50%",Black FAPbI3 Crystals (α phase),148
17,"CH3NH3I, SnI2",Black MASnI3 Solid,149
18,"CH3NH3I, PbI2",Black MAPbI3 Solid,150
19,"CH3NH3I, SnI2",Black MASnI3 Ingot,151
20,"CH3NH3I, PbI2",Black MAPbI3 Ingot,152
21,"CH3NH3I, SnI2",Black MASnI3 Powder,153
22,"CH3NH3I, PbI2",Black MAPbI3 Powder,154
23,"Lead(II) acetate (Chemical Reagents, Sigma), aqueous HI, CH3NH2 (40% soluble in water, Merck)",Black MAPbI3 Polycrystals,155
24,"CsI, PbI2, DMSO",CsPbI3 film,156
25,"Formamidinium acetate, 57%w/w hydroiodic acid, glass",FAPbI3 film,157
26,"Lead iodide (PbI2 , 99.999%) were purchased from Sigma-Aldrich, formamidinium iodide (FAI) was purchased from Dyesol Limited (Australia), dimethylformamide, ITO",FAPbI3 Thin film on ITO,158
27,"FTO (10 Ω/sq, Nippon Sheet Glass), TiCl4, HI, CH3NH2, PbI2","MAPbI3 on TiO2-coated FTO, TiO2 film had a thickness of 8-12 μm. Powder is black.",159
28,"FTO (10 Ω/sq, Nippon Sheet Glass), TiCl4, HBr, CH3NH2, PbBr2","MAPbBr3 on TiO2-coated FTO, MAPbBr3 size 2-3mm. TiO2 film had a thickness of 8-12 μm. Powder is yellow",160
29,"Tin (II) oxide, HI (aq), ethylene glycol, argon, nitrogen",Black-green powder.,161
30,"Tin (II) oxide, HI (aq), ethylene glycol, argon, nitrogen",Black single crystal,162
31,"Tin (II) iodide, methylammonium iodide, HI (aq), argon, nitrogen",Powder,163
32,"Tin (II) iodide, formamidine acetate, HI (aq), argon, nitrogen",Black powder,164
33,"Tin (II) iodide, formamidine acetate, HI (aq), argon, nitrogen",Black single crystal,165
34,"CH3NH3PbCI3, lead (II) acetate, CH3NH3+ (by adding a 40% solution of CH3NH2 in water), concentrated HCl",Colorless single crystal MAPbCl3,167
35,"CH3NH3PbCI3, lead (II) acetate, CH3NH3+ (by adding a 40% solution of CH3NH2 in water), concentrated HCl",Colorless single crystal MAPbCl3,168
36,"Lead(II) acetate (Chemical Reagents, Sigma), concentrated aqueous HBr, CH3NH2 (40% soluble in water, Merck)",Bright red/orange MAPbBr3 Single crystal of ~0.1mm,169
37,"Lead(II) acetate (Chemical Reagents, Sigma), concentrated aqueous HCl, CH3NH2 (40% soluble in water, Merck)",Colorless MAPbCl3 Single crystal ~1mm,170
38,"HBr, CH3NH2, Pb(NO3)2",MAPbBr3 Single-crystal,171
39,,MAPbCl3 Single-crystal,172
40,"HI, CH3NH2, Pb(NO3)2",MAPbI3 Powder,173
41,"CH3NH3PbI3, lead (II) acetate, CH3NH3+ (by adding a 40% solution of CH3NH2 in water), concentrated HI",Black and opaque MAPbI3 Single crystal,174
42,"CH3NH3I [from synthesis], SnI2 [from synthesis], distilled HI 57% (99.95%), H3PO2 50%",Black MASnI3 crystals,176
43,"HC(NH2)2I [from synthesis], SnI2 [from synthesis], distilled HI 57% (99.95%), H3PO2 50%",Black FASnI3 crystals,178
44,"CH3NH3I [from syn], PbI2 [from syn], distilled HI 57% (99.95%), H3PO2 50%",Black MAPbI3 crystals,179
47,"HC(NH2)2I, PbI2, distilled HI 57% (99.95%), H3PO2 50%",Black FAPbI3 Crystals (alpha phase),182
48,"CH3NH3I [from synthesis], SnI2 [from synthesis], distilled HI 57% (99.95%), H3PO2 50%",Black MAPbI3 crystals,183
49,"HC(NH2)2I [from synthesis], SnI2 [from synthesis], distilled HI 57% (99.95%), H3PO2 50%",Black FASnI3 crystals,184
50,"CH3NH3I [from syn], PbI2 [from syn], distilled HI 57% (99.95%), H3PO2 50%",Black MAPbI3 crystals,185
51,"Lead(II) acetate (Chemical Reagents, Sigma), aqueous HI, CH3NH2 (40% soluble in water, Merck)",Black MAPbI3 Polycrystals,186
54,"Lead(II) acetate (Chemical Reagents, Sigma), aqueous HI, CH3NH2 (40% soluble in water, Merck)",Black MAPbI3 polycrystals,189
55,"HI (Sigma Aldrich), methylamine, PbI2 (99%, Sigma Aldrich), gamma-butyrolactone (Sigma Aldrich)",Black MAPbI3 crystals,190
56,"HI (Sigma Aldrich), methylamine, PbI2 (99%, Sigma Aldrich), gamma-butyrolactone (Sigma Aldrich)",Black MAPbI3 crystals,191
57,"Lead acetate, HI (aq., 57 wt%), CH3NH2 (aq., 40%)",Yellow MAPbI3 thin film (10 nm grain size),192
58,"Lead acetate, HI (aq., 57 wt%), CH3NH2 (aq., 40%)",Yellow MAPbI3 thin film (10 nm grain size),193
59,"CD3ND2DCl (Sigma-Aldrich, 98 atom % D), DI, D2O, PbI2 (Acros Organics)",Black d6-MAPbI3 powder,197
60,"CD3ND2DCl (Sigma-Aldrich, 98 atom % D), DI, D2O, PbI2 (Acros Organics)",Black d6-MAPbI3 powder,198
61,"CD3ND2DCl (Sigma-Aldrich, 98 atom % D), DI, D2O, PbI2 (Acros Organics)",Black d6-MAPbI3 powder,199
62,"CD3NH2 (Sigma-Aldrich, 99 atom % D)",CD3NH3PbI3,200
63,"CH3NH2, HI, D2O",CH3ND3PbI3,201
64,,MAPbBr3 powder,202
65,,MAPbBr3 powder,203
66,,MAPbBr3 powder,204
67,"HC(NH2)2I, PbI2, distilled HI 57% (99.95%), H3PO2 50%",Black FAPbI3 Crystals (alpha phase),205
68,"HC(NH2)2I, PbI2, distilled HI 57% (99.95%), H3PO2 50%",Yellow FAPbI3 Crystals (delta phase),206
69,"HI (Sigma Aldrich), methylamine, PbI2 (99%, Sigma Aldrich), gamma-butyrolactone (Sigma Aldrich)",Black MAPbI3 crystals,207
70,"Lead(II) acetate (Chemical Reagents, Sigma), concentrated aqueous HI, CH3NH2 (40% soluble in water, Merck)",Black MAPbI3 crystals,208
72,"Lead (II) acetate trihydrate (Pb(ac) 2·3H2O, 99%), fomamidine acetate salt (FAac, 99%), lead iodide (PbI2 , 99.999%), hydriodic acid (HI) (57% w/w aq. soln., stab with 1.5% hypophosphorous acid), and gamma-butyrolactone (GBL, 99%) were purchased from Sigma-Aldrich.","Black FAPbI3 crystal (5 mm) in trigonal perovskite phase (P3m1 space group, α-phase)",210
73,"Lead (II) acetate trihydrate (Pb(ac) 2·3H2O, 99%), fomamidine acetate salt (FAac, 99%), lead iodide (PbI2 , 99.999%), hydriodic acid (HI) (57% w/w aq. soln., stab with 1.5% hypophosphorous acid), and gamma-butyrolactone (GBL, 99%) were purchased from Sigma-Aldrich.",Black FAPbI3 Single crystal (5 mm),211
74,"Lead acetate, HI (aq., 57 wt%), CH3NH2 (aq., 40%)",Yellow MAPbI3 thin film (10 nm grain size),212
90,"CH3NH3PbBr3, lead (II) acetate, CH3NH3+ (by adding a 40% solution of CH3NH2 in water), concentrated HBr",orange MAPbBr3 crystals,265
91,"CH3NH3PbBr3, lead (II) acetate, CH3NH3+ (by adding a 40% solution of CH3NH2 in water), concentrated HBr",orange MAPbBr3 crystals,266
92,"CH3NH3PbBr3, lead (II) acetate, CH3NH3+ (by adding a 40% solution of CH3NH2 in water), concentrated HBr",orange MAPbBr3 crystals,267
93,"CH3NH3PbBr3, lead (II) acetate, CH3NH3+ (by adding a 40% solution of CH3NH2 in water), concentrated HBr",orange MAPbBr3 crystals,268
94,"CH3NH3PbI3, lead (II) acetate, CH3NH3+ (by adding a 40% solution of CH3NH2 in water), concentrated HI",black MAPbI3 crystals,269
95,"CH3NH3PbI3, lead (II) acetate, CH3NH3+ (by adding a 40% solution of CH3NH2 in water), concentrated HI",black MAPbI3 crystals,270
96,"CH3NH3PbI3, lead (II) acetate, CH3NH3+ (by adding a 40% solution of CH3NH2 in water), concentrated HI",black MAPbI3 crystals,271
98,"Methylamine (40% in methanol), hydroiodic acid (57 wt% in water), PbI2, g-butyrolactone, H2O2, NH4OH, Si wafer",MAPbI3 film,22
99,"PbI2, dimethylformamide, quartz substrate, CH3NH3I (in 0.06 M 2-propanol)",MAPbI3 film,126
100,"CH3NH3PbCI3, lead (II) acetate, CH3NH3+ (by adding a 40% solution of CH3NH2 in water), concentrated HCl",Colorless single crystal MAPbCl3,166
101,"Methylamine (40% in methanol), hydroiodic acid (57 wt% in water), PbI2, g-butyrolactone, H2O2, NH4OH, Si wafer",MAPbI3 film,188
102,"Methylamine (40% in methanol), hydroiodic acid (57 wt% in water), PbI2, g-butyrolactone, H2O2, NH4OH, Si wafer",MAPbI3 film,187
103,"Lead(II) acetate (Chemical Reagents, Sigma), concentrated aqueous HI, CH3NH2 (40% soluble in water, Merck)",Black MAPbI3 Single crystal,369
104,"Lead(II) acetate (Chemical Reagents, Sigma), concentrated aqueous HI, CH3NH2 (40% soluble in water, Merck)",Black MAPbI3 Single crystal,370
105,"Lead(II) acetate (Chemical Reagents, Sigma), concentrated aqueous HI, CH3NH2 (40% soluble in water, Merck)",Black MAPbI3 Single crystal,371
106,"AE4T*2HCl, PbCl2",AE4TPbCl4,427
107,"AE4T*2HCl, PbCl2",AE4TPbCl4,428
108,"AE2T*2HI, PbI2",AE2TPbI4,429
109,"AE2T*2HI, PbI2",AE2TPbI4,430
110,"AE4T*2HI, PbI2",AE4TPbI4,431
111,"AE4T*2HI, PbI2",AE4TPbI4,432
112,"HBr, CH3NH2, Pb(NO3)2",Partially deuterated MAPbBr3,433
113,,Partially deuterated MAPbCl3,434
114,"HI, CH3NH2, Pb(NO3)2",Partially deuterated MAPbI3,435
115,"HBr, CH3NH2, Pb(NO3)2",Partially deuterated MAPbBr3,436
116,,Partially deuterated MAPbCl3,437
117,"HI, CH3NH2",MAPbI3 single crystals,438
118,"HBr, CH3NH2",MAPbBr3 single crystals,439
119,,MAPbCl3 single crystals,440
120,"Pb(CH3CO2)2, MACl",Colorless MAPbCl3 single crystal,441
121,"Pb(CH3CO2)2, MABr",Orange MAPbBr3 single crystal,442
122,"Pb(CH3CO2)2, MAI",Black MAPbI3 single crystal,443
123,"CH3NH3PbI3, lead (II) acetate, CH3NH3+ (by adding a 40% solution of CH3NH2 in water), concentrated HI",Black and opaque MAPbI3 single crystal,444
124,,MAPbBr3 Powder,445
125,"CH3NH3PbCI3, lead (II) acetate, CH3NH3+ (by adding a 40% solution of CH3NH2 in water), concentrated HCl",Colorless MAPbCl3 single crystal,446
127,"CH3NH3PbBr3, lead (II) acetate, CH3NH3+ (by adding a 40% solution of CH3NH2 in water), concentrated HBr",Orange MAPbBr3 single crystal,448
128,"CH3NH3PbI3, lead (II) acetate, CH3NH3+ (by adding a 40% solution of CH3NH2 in water), concentrated HI",Black MAPbI3 single crystal,449
129,"Methylamine (40% in methanol), hydroiodic acid (57 wt% in water), PbI2, g-butyrolactone, H2O2, NH4OH, Si wafer",MAPbI3 film,450
130,"HI (conc), PbAc2, CH3NH3+",Black MAPbI3 Crystals,451
131,"HI (conc), PbAc2, CH3NH3+",Black MAPbI3 Crystals,452
132,"Lead(II) acetate (Chemical Reagents, Sigma), aqueous HI, CH3NH2 (40% soluble in water, Merck)",Black MAPbI3 Polycrystals,453
133,"Lead(II) acetate (Chemical Reagents, Sigma), aqueous HI, CH3NH2 (40% soluble in water, Merck)",Black MAPbI3 Polycrystals,454
134,"HI (Sigma Aldrich), methylamine, PbI2 (99%, Sigma Aldrich), gamma-butyrolactone (Sigma Aldrich)",Black MAPbI3 Single crystals,455
135,"CD3ND2DCl (Sigma-Aldrich, 98 atom % D), DI, D2O, PbI2 (Acros Organics)",Black d6-MAPbI3 Powder,456
136,"CD3ND2DCl (Sigma-Aldrich, 98 atom % D), DI, D2O, PbI2 (Acros Organics)",Black d6-MAPbI3 Powder,457
137,CH3ND3I,Black CH3ND3PbI3 Powder,458
138,,Black MAPbI3 Powder,459
139,"PbI2, Si substrate, etc.",MAPbI3 Thin-film on Si,460
140,"PbI2, Si substrate, etc.",MAPbI3 Thin-film on Si,461
141,N/A,MAPbI3 Thin-film on Si,462
142,,,463
143,"MAI, PbI2, DMF, Si glass",MAPbI3 Thin-film on Si,464
144,"PbI2, HI, C4H9NH2",Orange-yellow sheetlike crystals,233
145,"GeI4, HI, H3PO2, C4H9NH2",Bright orange sheetlike crystals,231
146,"SnI2, HI, C4H9NH2",Dark red sheetlike crystals,232
147,"Lead chloride, 2-naphthylmethyl-amine, HCl, DMF",Colorless crystals,230
148,"Lead chloride, benzylamine (Merck), HCl, DMF",Colorless crystals,229
149,"PbI2 (Johnson Matthey, 976204), PbO (Ferak 01-881), hydroiodic acid 57% (Merck 341), H3PO2 50% (Fluka 9421), benzylamine (Fluka 13180)",Orange plate crystals,228
150,Not stated.,Crystals,227
151,"Lead chloride, 2-anthrylmethyl-amine, HCl, DMF",Colorless crystals,220
152,"PbCl2, HCl, methanol, phenethylamine",Small block-like crystals to larger plate-like crystals,216
153,"AEQT.2HBr, PbBr2, ethylene glycol, HBr (aq)",(AEQT)PbBr4 crystals,217
154,"PbI2, HI, CH3OH, NEA",Red and laminar crystals.,222
155,"HBr, NMA in methanol, PbBr2, DMF",Colorless and laminar crystals.,223
156,"PbBr2, HBr, CH3OH, PMA",Colorless and laminar crystals.,224
157,"PbI2, HI, CH3OH, PEA",Red and laminar crystals.,225
158,"PbBr2, HBr, CH3OH, NEA",Colorless and laminar crystals.,226
159,"PbCl2, HCl, CH3OH, PMA",Thin film on quartz,8
160,"PbCl2, HCl, CH3OH, PMA",Thin film on quartz,385
161,"PbCl2, HCl, CH3OH, PEA",Thin film on quartz,377
162,"PbCl2, HCl, CH3OH, PEA",Thin film on quartz,11
163,"PbBr2, HBr, CH3OH, PEA",Thin film on glass,383
164,"PbBr2, HBr, CH3OH, PEA",Thin film on glass,10
165,"PMA, PbI2, HI",Thin film on glass,384
166,"PMA, PbI2, HI",Thin film on glass,6
167,"PbBr2, HBr, CH3OH, PMA",Thin film on glass,7
168,"PbBr2, HBr, CH3OH, PMA",Thin film on glass,380
169,"PbI2, HI, CH3OH, PEA",Thin film on glass,381
170,"PbI2, HI, CH3OH, PEA",Thin film on glass,9
171,"HBr, NMA in methanol, PbBr2, DMF",Thin film on glass,12
172,"HBr, NMA in methanol, PbBr2, DMF",Thin film on glass,379
173,"NMA·HCl, PbCl2, DMF, HCl",Thin film on quartz,386
174,"NMA·HCl, PbCl2, DMF, HCl",Thin film on quartz,13
175,"PbI2, HI, CH3OH, NEA",Thin film on glass,378
176,"PbI2, HI, CH3OH, NEA",Thin film on glass,14
177,"PbBr2, HBr, CH3OH, NEA",Thin film on glass,382
178,"PbBr2, HBr, CH3OH, NEA",Thin film on glass,15
179,"PbI2, HI, C4H9NH2",Orange-yellow sheetlike crystals,18
180,"GeI4, HI, H3PO2, C4H9NH2",Bright orange sheetlike crystals,16
181,"SnI2, HI, C4H9NH2",Dark red sheetlike crystals,17
182,"PbI2 (99.999% trace metal basis), HI (57 wt. % in H2O, with hypophosphorous acid as stabilizer, assay 99.95%), N,N-Dimethylformamide (anhydrous, 99.8%, Sigma-Aldrich), 2-butanol (99.5%, VWR International)",Orange crystals,465
183,"GeI4, HI, H3PO2, C4H9NH2",Bright orange sheetlike crystals,387
184,"SnI2, HI, C4H9NH2",Dark red sheetlike crystals,388
185,"PbI2, HI, C4H9NH2",Orange-yellow sheetlike crystals,389
186,"AEQT2HI (161.4 mg; 0.24 mmol), SbI3 salts (Aldrich, 99.999%, anhydrous), ethylene glycol (Aldrich, anhydrous, 99.8%), concentrated (57 wt %) aqueous HI (Aldrich, stabilized, 99.99%), 2-butanol (Aldrich, anhydrous, 99.5%)","Dark red, sheetlike crystals",466
187,"AEQT2HI (161.4 mg; 0.24 mmol), BiI3 salts (Aldrich, 99.999%, anhydrous), ethylene glycol (Aldrich, anhydrous, 99.8%), concentrated (57 wt %) aqueous HI (Aldrich, stabilized, 99.99%), 2-butanol (Aldrich, anhydrous, 99.5%)","Dark red, sheetlike crystals",467
189,"PbO (99.9%), PbBr2 (98%), ethylamine hydrochloride (98%), hydrochloric acid (ACS reagent, 37%), and hydrobromic acid ( 48%)",Yield: 1.218 g (CH3CH2NH3)4Pb3Br10,469
190,"PbO (99.9%), PbBr2 (98%), ethylamine hydrochloride (98%), hydrochloric acid (ACS reagent, 37%), and hydrobromic acid ( 48%)",Yield: 1.218 g (CH3CH2NH3)4Pb3Br10,470
192,"PbO (99.9%), PbCl2 (98%), ethylamine hydrochloride (98%), hydrochloric acid (ACS reagent, 37%), and hydrobromic acid ( 48%)",Yield: 1.237 g (CH3CH2NH3)4Pb3Cl10,472
193,"PbO (99.9%), PbCl2 (98%), ethylamine hydrochloride (98%), hydrochloric acid (ACS reagent, 37%), and hydrobromic acid ( 48%)",Yield: 1.237 g (CH3CH2NH3)4Pb3Cl10,473
194,"Tin(II) bromide, dichloromethane (DCM, 99.9%), dimethylformamide (DMF, 99.8%), N,N’-dimethylethylene-1,2-diammonium bromide (prepared)",Large colorless crystals,474
195,"Tin(II) iodide, dichloromethane (DCM, 99.9%), dimethylformamide (DMF, 99.8%), N,N’-dimethylethylene-1,2-diammonium iodide (prepared)",Large reddish crystals,475
196,"Acetone, antimony trichloride (SbCl3), dimethylformamide (DMF, 99.8%), 1-butyl-1-methylpyrrolidinium chloride (C9NH20Cl)",Colorless crystals,476
197,"Tin(II) bromide, dichloromethane (DCM, 99.9%), dimethylformamide (DMF, 99.8%), N,N’-dimethylethylene-1,2-diammonium bromide (prepared)",Large colorless crystals,477
198,"Tin(II) iodide, dichloromethane (DCM, 99.9%), dimethylformamide (DMF, 99.8%), N,N’-dimethylethylene-1,2-diammonium iodide (prepared)",Large reddish crystals,478
199,"Acetone, antimony trichloride (SbCl3), dimethylformamide (DMF, 99.8%), 1-butyl-1-methylpyrrolidinium chloride (C9NH20Cl)",Colorless crystals,479
200,"Tin(II) bromide, dichloromethane (DCM, 99.9%), dimethylformamide (DMF, 99.8%), N,N’-dimethylethylene-1,2-diammonium bromide (prepared)",Large colorless crystals,480
201,"Tin(II) iodide, dichloromethane (DCM, 99.9%), dimethylformamide (DMF, 99.8%), N,N’-dimethylethylene-1,2-diammonium iodide (prepared)",Large reddish crystals,481
202,"Acetone, antimony trichloride (SbCl3), dimethylformamide (DMF, 99.8%), 1-butyl-1-methylpyrrolidinium chloride (C9NH20Cl)",Colorless crystals,482
203,"HI, HA (C6H13NH3), Et2O, PbI2",Powder of (C6H13NH3)2PbI4,483
204,"HI, DA (C12H25NH3), Et2O, PbI2",Powder of (C12H25NH3)2PbI4,484
205,"HI, DA (C12H25NH3), Et2O, PbI2",Thin film of (C12H25NH3)2PbI4,485
206,"HI, HA (C6H13NH3), Et2O, PbI2",Thin film of (C6H13NH3)2PbI4,486
208,"2-methyl-1,5-pentanediammonium, PbBr2,  HBr, Paratone-N oil",colorless crystalline solid,488
209,"n-butylammonium, PbBr2, HBr, Paratone-N oil",colorless crystalline solid,489
210,"octanediammonium, PbBr2, HBr, Paratone-N oil",colorless crystalline solid,490
211,"3-carboxypropan-1-ammonium, PbBr2, HBr, Paratone-N oil",colorless crystalline solid,491
212,"3-(2-ammonioethyl)anilinium, PbBr2, HBr, Paratone-N oil",N/A,492
213,"butanediammonium or 1,4-diammoniobutane, PbBr2, HBr, Paratone-N oil",colorless crystalline solid,493
214,"histammonium or 4-(2-ammonioethyl)1H-imidazol-3-ium, PbBr2, HBr, Paratone-N oil",Yellow crystalline solid,494
215,"histammonium or 4-(2-ammonioethyl)1H-imidazol-3-ium, PbBr2, HBr, Paratone-N oil",yellow crystalline solid,495
216,"PbBr2(98%), 2,6-dimethylpiperazine (97%), hydrobromic acid (ACS reagent, 48%)",Colorless crystals,496
217,"PbBr2(98%), 4-(aminomethyl)piperidine (96%), hydrobromic acid (ACS reagent, 48%)",Colorless crystals,497
218,"PbBr2(98%), 1-ethylpiperazine (98%), hydrobromic acid (ACS reagent, 48%)",Colorless crystals,498
219,"PbBr2(98%), 1-methylpiperazine (99%), hydrobromic acid (ACS reagent, 48%)",Colorless crystals,499
220,"PbBr2(98%), homopiperazine (99%), hydrobromic acid (ACS reagent, 48%)",Colorless crystals,500
221,"PbBr2(98%), hexamethylenimine (98%), hydrobromic acid (ACS reagent, 48%)",Colorless crystals,501
222,"PbBr2(98%), heptamethylenimine (98%), hydrobromic acid (ACS reagent, 48%)",Colorless crystals,502
223,"PbBr2(98%), 2,6-dimethylpiperazine (97%), hydrobromic acid (ACS reagent, 48%)",Colorless crystals,503
224,"PbBr2(98%), 4-(aminomethyl)piperidine (96%), hydrobromic acid (ACS reagent, 48%)",Colorless crystals,504
225,"PbBr2(98%), 1-ethylpiperazine (98%), hydrobromic acid (ACS reagent, 48%)",Colorless crystals,505
226,"PbBr2(98%), 1-methylpiperazine (99%), hydrobromic acid (ACS reagent, 48%)",Colorless crystals,506
227,"PbBr2(98%), homopiperazine (99%), hydrobromic acid (ACS reagent, 48%)",Colorless crystals,507
228,"PbBr2(98%), hexamethylenimine (98%), hydrobromic acid (ACS reagent, 48%)",Colorless crystals,508
229,"PbBr2(98%), heptamethylenimine (98%), hydrobromic acid (ACS reagent, 48%)",Colorless crystals,509
230,"PbBr2(98%), 2,6-dimethylpiperazine (97%), hydrobromic acid (ACS reagent, 48%)",Colorless crystals,510
231,"PbBr2(98%), 4-(aminomethyl)piperidine (96%), hydrobromic acid (ACS reagent, 48%)",Colorless crystals,511
232,"PbBr2(98%), 1-ethylpiperazine (98%), hydrobromic acid (ACS reagent, 48%)",Colorless crystals,512
233,"PbBr2(98%), 1-methylpiperazine (99%), hydrobromic acid (ACS reagent, 48%)",Colorless crystals,513
234,"PbBr2(98%), homopiperazine (99%), hydrobromic acid (ACS reagent, 48%)",Colorless crystals,514
235,"PbBr2(98%), hexamethylenimine (98%), hydrobromic acid (ACS reagent, 48%)",Colorless crystals,515
236,"PbBr2(98%), heptamethylenimine (98%), hydrobromic acid (ACS reagent, 48%)",Colorless crystals,516
237,"PbI2, AzoEAI",AzoEA2PbI4,522
238,"3-(aminomethyl)piperidinium, Methyl ammonium iodide, Lead oxide",,523
240,"Tin(II) bromide, HBr, H3PO2, N, N’-dimethylethylenediamine",C4N2H14SnBr4,525
241,"PbO (99.9%), 48% hydrobromic acid, 50% aqueous H3PO2, 2-(dimethylamino)ethylamine",colorless rhombic shaped crystal,526
242,"HI, H3PO2, GeI4,CH3NH3I",CH3NH3GEI3,527
244,"PbO (99.9%), 48% hydrobromic acid, 50% aqueous H3PO2, 2-(dimethylamino)ethylamine",pale yellow and colorless platelike crystals,529
245,"PbI2, 4-fluorophenethylammonium iodide, HI",26.4 mg PbI2 and 30.7 mg 4-fluorophenethylammonium iodide were dissolved in 1.5 ml 57 wt% stabilized HI at 90°C. The solution was slowly cooled down to room temperature at a rate of 1°C/h and the solids were collected.,517
246,"HI,  H3PO2,  GeI4, HC(NH2)2I",CH3NH3GEI3,530
247,"PbI2, HI, 3-fluorophenethylammonium iodide",,518
248,"PbI2, HI, 2-fluorophenethylammonium iodide",,519
249,"HI,  H3PO2,  GeI4, HC(NH2)2I",CH3NH3GEI3,531
250,"n-Butanol, HI, F5-PEAI, PEAI",,520
251,"n-Butanol, HI, PbI2, F5-PEAI",,521
252,SnI4 and tropylium iodide,(C7H7)2SnI6,532
253,"Lead Oxide (PbO), aqueous HI, aqueous H3PO2, n-CH3(CH2)3NH3I , solid CH3NH3Cl",,533
254,"PbO (99.9%), 48% hydrobromic acid, 50% aqueous H3PO2, 3-(dimethylamino)-1-propylamine",pale yellow platelike crystal,536
255,"PbO (99.9%), 48% hydrobromic acid, 50% aqueous H3PO2, 4-dimethylaminobutylaminee",pale yellow platelike crystal,537
257,"HI,  H3PO2,  GeI4, CH3C(NH2)2I",CH3C(NH2)2GeI3,539
258,"Lead Oxide (PbO), aqueous HI, aqueous H3PO2, n-CH3(CH2)3NH3I , solid CH3NH3Cl",,540
259,"HBr, PbBr2, N, N′-dimethylethylenediamine, acetone",,541
261,"HI,  H3PO2,  GeI4, CH3C(NH2)2I",CH3C(NH2)2GeI3,544
263,"HI,  H3PO2,  GeI4, (CH3)3NHI",(CH3)3NHGeI3,546
264,"dimethylformamide, γ-butyrolactone, SnBr2, N,N′-dimethylethylene-1,2-diammonium bromide, dichloromethane",,547
265,tropylium tetrafluoroborate and PbI2,C7H7PbI3,548
266,"HI,  H3PO2,  GeI4, (CH3)2C(H)NH3I",(CH3)2C(H)NH3GeI3,549
267,"HCl (38%), methanol (99.5%), Pb(Ac)2.3H2O (99.5%), 1-(3-aminopropyl)imidazole (97%)",colorless single crystals,551
268,"Pb(CH3COO)2·3H2O, H3PO4,N,N-Dimethylene-p-diamine",,552
269,"Pb(CH3COO)2·3H2O, HBr, H3PO4, N,N-Dimethylene-p-diamine, ethanol",,555
270,"2-Ethyl-1-hexylamine (2-Et-ha, 98%), hydriodic acid (HI) solution (57 wt%, stabilized, 99.95%), PbI2",(2-Et-ha)2PbI4,556
271,"2-Aminoheptane (1-Me-ha, 99%), hydriodic acid (HI) solution (57 wt%, stabilized, 99.95%), PbI2",(1-Me-ha)2PbI4,557
272,"sec-butylamine (1-Me-pa, 99%), hydriodic acid (HI) solution (57 wt%, stabilized, 99.95%), PbI2",(1-Me-pa)2PbI4,560
273,"2-Aminopentane (1-Me-ba, 97%), hydriodic acid (HI) solution (57 wt%, stabilized, 99.95%), PbI2",(1-Me-ba)2PbI4,564
274,"Cesium bromide (CsBr, 99%), tin (II) bromide (SnBr2, 99.2%)",Colorless crystals,570
275,"Cesium bromide (CsBr, 99%), tin (II) iodide (SnI2, 99%)",Black crystals,571
289,"HCl, N,N’-dimethylethylenediamine, N,N’-dimethylethylene-1,2-diammonium chloride, PbCl2",Platelet-like crystals,588
290,"Tin (II) bromide, Tin (II) iodide, N,N’-dimethylethylenediamine (99 %), hydrobromic acid (48 wt. % in H2O), hydriodic acid (55%), dichloromethane (DCM, 99.9 %), dimethylformamide (DMF, 99.8 %), toluene (anhydrous, 99.8 %)",Large yellowish crystals,589
291,"PbI2, HI, NH2C6H4NH2",Brown single crystals,590
292,"PbI2, HI, C8H9NH2",Yellow single crystals,591
293,"CH3NH2•Hl, NH2CN, Snl2, HI",Crystals,592
294,"CH3NH2•Hl, NH2CN, Snl2, HI",Sheet-like crystals,593
295,"CH3NH2•Hl, NH2CN, Snl2, HI",Sheet-like crystals,594
296,"Lead Oxide (PbO), aqueous HI, aqueous H3PO2, n-CH3(CH2)3NH3I , solid CH3NH3Cl",,595
297,"Lead Oxide (PbO), aqueous HI, aqueous H3PO2, n-CH3(CH2)3NH3I , solid CH3NH3Cl",,596
298,"3-(aminomethyl)piperidinium, Methyl ammonium iodide, Lead oxide",,597
299,"3-(aminomethyl)piperidinium, Methyl ammonium iodide, Lead oxide",,598
302,"Hydroiodic acid, Lead oxide, Methylammonium Iodide, Phenylethylammonium",,601
303,"Hydroiodic acid, Lead oxide, Methylammonium Iodide, Phenylethylammonium",,602
305,"Hydroiodic acid, Lead oxide, Methylammonium Iodide, Phenylethylammonium",,604
307,"Hydroiodic acid, Lead oxide, Methylammonium Iodide, Phenylethylammonium",,607
308,"Hydroiodic acid, Lead oxide, Methylammonium Iodide, Phenylethylammonium",,608
309,"cyclohexylamine, HBr, CdBr2",The colorless millimeter-sized platelets crystal,609
310,"cyclohexylamine, HBr, CdBr2",The colorless millimeter-sized platelets crystal,610
311,"cyclohexylamine, HBr, CdBr2",,611
312,"cyclohexylamine, HBr, CdBr2",,612
314,"PbAc2·3H2O, HBr solution, 2-methyl1,5-diaminopentane (2mept)",colorless crystals,614
315,"PbAc2·3H2O, HBr solution, 2-methyl1,5-diaminopentane (2mept)",colorless crystals,615
316,"PbAc2·3H2O, HBr solution, 2-methyl1,5-diaminopentane (2mept)",colorless crystals,616
317,"PbI2, 47% HI, C12H25NH2, methanol, ethyl acetate",yellow single crystal,617
318,"PbI2, 47% HI, C12H25NH2, methanol, ethyl acetate",yellow single crystal,618
319,"PbI2, 47% HI,  C14H29NH2, ethyl acetate",yellow single crystal,619
320,"PbI2, 47% HI,  C14H29NH2, ethyl acetate",yellow single crystal,620
321,"PbI2, 47% HI,  C14H29NH2, ethyl acetate",yellow single crystal,621
322,"PbI2, 47% HI,  C14H29NH2, ethyl acetate",yellow single crystal,622
323,"PbI2, 47% HI,  C14H29NH2, ethyl acetate",yellow single crystal,623
324,"PbI2, 47% HI,  C14H29NH2, ethyl acetate",yellow single crystal,624
325,"NH2CN, Snl2, aqueous HI",Column-like orange crystals,625
326,"CH3NH2•HI, NH2CN, Pbl2, aqueous HI",Yellow transparent crystals,626
327,"PbI2, HI, NH2CH2CH(NH2)CH3",Colourless crystal,627
328,"PbI2, HI, C(CH3)3NH2",Yellow crystal,628
329,"3-(aminomethyl)piperidinium, Methyl ammonium iodide, Lead oxide",,629
330,"PbO, 3-phenylpropylamine, HI",Yellow crystals,630
331,"p-nitroaniline, PbI2, HI (aq)/acetonitrile, THF",Orange parallelepiped crystals,631
332,,,632
333,crude (3-FPEA)2SnI4,(3-FPEA)2SnI4,633
334,"1,4-Phenylenediamine, ethyl ether, CuCl2, HCl",Small yellow plates,635
335,"1,4-Phenylenediamine, ethyl ether, PbCl2, HCl",Colourless plates,636
336,"CuCl2, HCl, ethyl ether, p-biphenylamine",Pale yellow prisms,637
337,"CuCl2, HCl, ethyl ether, benzidine",Pale yellow plates,638
338,"PbCl2, HCl, ethyl ether, benzidine",Colourless needles,639
339,"β-Methylphenethylamine, lead iodide, hydriodic acid (HI) solution (57 wt %, stabilized, 99.95%)",Orange crystals,640
340,"β-Methylphenethylamine, methylammonium iodide, lead iodide, hydriodic acid (HI) solution (57 wt %, stabilized, 99.95%)",Red crystals,641
341,"β-Methylphenethylamine, methylammonium iodide, lead iodide, hydriodic acid (HI) solution (57 wt %, stabilized, 99.95%)",Deep brown crystals,642
342,"(BAESBT)Cl2 , PbI2, KI, HI",Orange plate single crystals,643
343,"(AESBT)Cl, PbI2, HI",Yellow needle single crystals,644
344,"(AESBT)Cl, BiCl3, KI, HI",Red plate single crystals,645
345,"InCl3, AgCl, Hal, CsCl",White powder,646
346,"Cs2CO3, HI (acid)/H3PO2, SnI4",Black precipitate,652
347,"Cs2CO3, HI (acid)/H3PO2, TeI4",Black precipitate,653
348,"PbI2, HI, C9H19NH2",,655
349,"methylammonium chloride, HCl, BiCl3, K",,656
350,"HI, H3PO2, Ethanol, SnI2",,657
351,"Concentrated HCl, Cyclopentamine, Cadmium Chloride",,658
352,"NH2(CH2)2OH, PbI2,Conc. HI, Acetonitrile",,659
353,"NH2(CH2)2OH, PbI2,Conc. HI, Acetonitrile",,660
354,"(C4H3SCH2NH3)2(CH3NH3)Pb2I7,C4H3SCH2NH2, HI, PbI2",,661
355,"(C4H3SCH2NH3)2(CH3NH3)Pb2I7,C4H3SCH2NH2, HI, PbI2",,662
362,"1,4-diaminobutane,  1,8-diaminooctane,  hydriodic acid",,680
363,"1,4-diaminobutane,  1,8-diaminooctane,  hydriodic acid",,681
364,"1,4-diaminobutane,  1,8-diaminooctane,  hydriodic acid",,682
365,"1,4-diaminobutane,  1,8-diaminooctane,  hydriodic acid",,683
366,C6H5CH2CH2NH3I and SnI2,(C6H5CH2CH2NH3)2SnI4,685
367,C6H5CH2CH2NH3I and SnI2,(C6H5CH2CH2NH3)2SnI4,686
368,"methanol, CdI2 and 2-phenylethylammonium iodide",,687
369,"DMEA, CdCl and HCl",(DMEA)CdCl3,688
370,"DMEA, CdCl and HCl",(DMEA)CdCl3,689
371,Trimethylamine and dichloromethane,(Chloromethyl)trimethylammonium chloride,690
372,Trimethylamine and dichloromethane,(Chloromethyl)trimethylammonium chloride,691
373,"methanol, CdI2 and 2-phenylethylammonium iodide",,692
374,"[N-methyldabconium]I, PbI2 and DMF",[N-methyldabconium]PbI3,693
375,"[N-methyldabconium]I, PbI2 and DMF",[N-methyldabconium]PbI3,694
376,"[N-methyldabconium]I, PbI2 and DMF",[N-methyldabconium]PbI3,695
377,"(CH3)2NH, HI, PbI2 and DMAI",[(CH3)2NH2]PbI3,696
378,"(CH3)2NH, HI, PbI2 and DMAI",[(CH3)2NH2]PbI3,697
379,"(CH3)2NH, HI, PbI2 and DMAI",[(CH3)2NH2]PbI3,698
380,"Triethylpropylammonium iodide, PbI2a and DMF",[triethylpropylammonium][PbI3],699
381,"Triethylpropylammonium iodide, PbI2a and DMF",[triethylpropylammonium][PbI3],700
382,"Triethylpropylammonium iodide, PbI2a and DMF",[triethylpropylammonium][PbI3],701
383,"Triethylpropylammonium iodide, PbI2a and DMF",[triethylpropylammonium][PbI3],702
384,"PbBr2, DMABr, DMF",DMA7Pb4Br15,703
385,"PbBr2, DMABr, DMF",DMA7Pb4Br15,704
386,"PbCl2, DMACl, DMF",DMA7Pb4Cl15,705
387,"PbCl2, DMACl, DMF",DMA7Pb4Cl15,706
389,"PbCl2, DMACl, DMF",DMA7Pb4Cl15,708
391,"PbBr2, DMABr, DMF",DMA7Pb4Br15,710
392,"HBr, H3PO2, GeO2, CH3NH3Br",CH3NH3GeBr3,711
393,"HBr, H3PO2, GeO2, n−  CH3(CH2)3NH2, n−  CH3(CH2)3NH3Br",C4H12NGeBr4,712
394,,,713
395,,,714
396,,,715
397,,,716
398,,,717
399,"PbI2, 57 wt % HI aqueous solution, F-PMA, MeOH",Dark organe crystal.,718
400,"PbI2, 57 wt % HI aqueous solution, Cl-PMA, MeOH",Organe crystal.,719
401,"PbI2, 57 wt % HI aqueous solution, Br-PMA, MeOH",Organe crystal.,720
402,"PbI2, 57 wt % HI aqueous solution, I-PMA, MeOH",Organe crystal.,721
403,"PbO (99.9%), hydroiodic acid (57 wt % in H2O), and hypophosphorous acid solution (50 wt % in H2O), 1,4-diaminobutane (99%), hexamethylenediamine (98%), 1,7-diaminoheptane (98%), 1,8-diaminooctane (98%), 1,9-diaminononane (98%), from Sigma-Aldrich. Methylammonium iodide (MAI) was synthesized from 57 wt%  aqueous hydriodic acid (HI) and 40 wt% aqueous methylamine (CH3NH2).",red plate-shaped crystals,722
404,"PbO (99.9%), hydroiodic acid (57 wt % in H2O), and hypophosphorous acid solution (50 wt % in H2O), 1,4-diaminobutane (99%), hexamethylenediamine (98%), 1,7-diaminoheptane (98%), 1,8-diaminooctane (98%), 1,9-diaminononane (98%), from Sigma-Aldrich. Methylammonium iodide (MAI) was synthesized from 57 wt%  aqueous hydriodic acid (HI) and 40 wt% aqueous methylamine (CH3NH2).",dark red plateshaped crystals,723
405,"PbO (99.9%), hydroiodic acid (57 wt % in H2O), and hypophosphorous acid solution (50 wt % in H2O), 1,4-diaminobutane (99%), hexamethylenediamine (98%), 1,7-diaminoheptane (98%), 1,8-diaminooctane (98%), 1,9-diaminononane (98%), from Sigma-Aldrich. Methylammonium iodide (MAI) was synthesized from 57 wt%  aqueous hydriodic acid (HI) and 40 wt% aqueous methylamine (CH3NH2).",black plate-shaped crystals,724
406,"PbO (99.9%), hydroiodic acid (57 wt % in H2O), and hypophosphorous acid solution (50 wt % in H2O), 1,4-diaminobutane (99%), hexamethylenediamine (98%), 1,7-diaminoheptane (98%), 1,8-diaminooctane (98%), 1,9-diaminononane (98%), from Sigma-Aldrich. Methylammonium iodide (MAI) was synthesized from 57 wt%  aqueous hydriodic acid (HI) and 40 wt% aqueous methylamine (CH3NH2).",orange plate-shaped crystals,725
407,"PbO (99.9%), hydroiodic acid (57 wt % in H2O), and hypophosphorous acid solution (50 wt % in H2O), 1,4-diaminobutane (99%), hexamethylenediamine (98%), 1,7-diaminoheptane (98%), 1,8-diaminooctane (98%), 1,9-diaminononane (98%), from Sigma-Aldrich. Methylammonium iodide (MAI) was synthesized from 57 wt%  aqueous hydriodic acid (HI) and 40 wt% aqueous methylamine (CH3NH2).",red plate-shaped crystals,726
408,"PbO (99.9%), hydroiodic acid (57 wt % in H2O), and hypophosphorous acid solution (50 wt % in H2O), 1,4-diaminobutane (99%), hexamethylenediamine (98%), 1,7-diaminoheptane (98%), 1,8-diaminooctane (98%), 1,9-diaminononane (98%), from Sigma-Aldrich. Methylammonium iodide (MAI) was synthesized from 57 wt%  aqueous hydriodic acid (HI) and 40 wt% aqueous methylamine (CH3NH2).",dark red plate-shaped crystals,727
409,,,728
410,,,729
411,,,730
412,"PbO, 3-(aminomethyl)pyridine (3AMPY), Aq. HI, Aq. H3PO2",(3AMPY)PbI4,731
413,"PbO, CH3NH3Cl, Aq. HI, Aq. H3PO2, 3-(aminomethyl)pyridine",(3AMPY)(MA)Pb2I7,732
414,"PbO, CH3NH3Cl, 3-(aminomethyl)pyridine, Aq. HI, Aq. H3PO2",(3AMPY)(MA)2Pb3I10,733
415,"PbO, CH3NH3Cl, 3-(aminomethyl)pyridine, Aq. HI, Aq. H3PO2",(3AMPY)(MA)3Pb4I13,734
416,"PbO, 4-(aminomethyl)pyridine, Aq. HI, Aq. H3PO2",(4AMPY)PbI4,735
417,"PbO, CH3NH3Cl, 4-(aminomethyl)pyridine, Aq. HI, Aq. H3PO2",(4AMPY)(MA)Pb2I7,736
418,"PbO, CH3NH3Cl, 4-(aminomethyl)pyridine, Aq. HI, Aq. H3PO2",(4AMPY)(MA)2Pb3I10,737
419,"PbO, CH3NH3Cl, 4-(aminomethyl)pyridine, Aq. HI, Aq. H3PO2",(4AMPY)(MA)3Pb4I13,738
420,,,745
421,"Benzylamine (BzA), PbI2, Aq. HI (57%), H3PO2 (50 %)",(BzA)2PbI4,746
437,"As-synthesized 2T, PbI2, anhydrous dimethyl formamide (DMF) ((CH3)2NCH), anhydrous chlorobenzene (CB) (C6H5Cl), Si/SiO2",Orange-red plates,763
440,"i.	As-synthesized 4Tm, PbI2, anhydrous dimethyl formamide (DMF) ((CH3)2NCH), anhydrous chlorobenzene (CB) (C6H5Cl), Si/SiO2",orange crystals,786
442,"As-synthesized 4TCNm, PbI2, anhydrous dimethyl formamide (DMF) ((CH3)2NCH), anhydrous chlorobenzene (CB) (C6H5Cl), Si/SiO2",Yellow solid,798
444,"As-synthesized BTm, PbI2, anhydrous dimethyl formamide (DMF) ((CH3)2NCH), anhydrous chlorobenzene (CB) (C6H5Cl), Si/SiO2",red plates,804
445,"As-synthesized 2T, PbI2, anhydrous dimethyl formamide (DMF) ((CH3)2NCH), anhydrous chlorobenzene (CB) (C6H5Cl), Si/SiO2",orange-red plates,805
446,"2,2’-(ethylenedioxy)bis(ethylamine), CuCl2, 12-MHCl","thin, yellow-green plates",806
447,"2,2’-(ethylenedioxy)bis(ethylamine), CuCl2, 12-MHCl","thin, yellow-green plates",807
448,"2,2’-(ethylenedioxy)bis(ethylamine), CuCl2, 12-MHCl","thin, yellow-green plates",808
449,"2,2’-(ethylenedioxy)bis(ethylamine), CuCl2, 12-MHCl","thin, yellow-green plates",809
450,"Solid CsBr, BiBr, 9-M HBr, Solid AgBr",red-orange crystals,821
451,"Hydroiodic acid, 4-fluorophenethylamine, PbI2, acetone, nitromethane, NaI","orange, plate-shaped crystals",826
452,"Hydroiodic acid, 4-fluorophenethylamine, PbI2, acetone, nitromethane, NaI","light red, plate-shaped crystals",828
453,"Hydroiodic acid, 4-fluorophenethylamine, PbI2, acetone, nitromethane, NaI","dark red, plate-shaped crystals",830
454,"Hydroiodic acid, 4-fluorophenethylamine, PbI2, acetone, nitromethane, NaI","dark red, plate-shaped crystals",831
455,"BiCl3, 4,40-bipyridine, concentrated HCl and HI in methanol",(MV)[BiI3Cl2] single crystal with face sizes up to 0.4 mm,834
456,"PbI2, 6-amino-1-hexanol, hydroiodic acid","red-orange crystals, ground to powder",835
457,"(R)-(+)-1-Phenylethylamine ((R)-1-PEA,  >99%), N,N′-dimethylformamide (DMF, anhydrous, 99.9%), bismuth-(III) bromide (BiBr3, 99.9%), and hydrobromic acid (HBr, 48 wt %)",Yellow large plate crystals,842
458,"(S)-(−)-1-phenylethylamine ((S)-1-PEA, >99%), N,N′-dimethylformamide (DMF, anhydrous, 99.9%), bismuth-(III) bromide (BiBr3, 99.9%), and hydrobromic acid (HBr, 48 wt %)",Yellow large plate crystals,843
462,"(AEQT)PbCl4, quartz, acetone, ethanol",(AEQT)PbCl4 thin film. Film thickness between 500 Å and 900 Å.,847
463,"(AEQT)PbBr4, quartz, acetone, ethanol",(AEQT)PbBr4 thin film. Film thickness between 500 Å and 900 Å.,848
464,"(AEQT)PbI4, quartz, acetone, ethanol",(AEQT)PbI4 thin film. Film thickness between 500 Å and 900 Å.,849
465,"AEQT.2HBr, PbBr2, ethylene glycol, HBr (aq)",(AEQT)PbBr4 crystals,850
466,"(AEQT)PbI4, quartz, acetone, ethanol",(AEQT)PbI4 thin film. Film thickness between 500 Å and 900 Å.,851
467,"(AEQT)PbI4, quartz, acetone, ethanol",(AEQT)PbI4 thin film. Film thickness between 500 Å and 900 Å.,852
468,"(AEQT)PbCl4, quartz, acetone, ethanol",(AEQT)PbCl4 thin film. Film thickness between 500 Å and 900 Å.,853
469,"(AEQT)PbCl4, quartz, acetone, ethanol",(AEQT)PbCl4 thin film. Film thickness between 500 Å and 900 Å.,854
470,"Tl(PF6), (TBA)Br (TBA = tetrabutylammonium), MeCN, HBr, BiBr3, (MA)Br",red octahedral single crystals,855
472,"PbCl2, HCl, CH3OH, PEA",Thin film on quartz,869
473,"PbCl2, HCl, CH3OH, PMA",Thin film on quartz,870
474,"NMA·HCl, PbCl2, DMF, HCl",Thin film on quartz,871
475,"PbBr2, HBr, CH3OH, PEA",Thin film on glass,872
476,"PbBr2, HBr, CH3OH, PMA",Thin film on glass,873
477,"PbBr2, HBr, CH3OH, NEA",Thin film on glass,874
478,"HBr, NMA in methanol, PbBr2, DMF",Thin film on glass,875
480,"PbI2, HI, CH3OH, PEA",Thin film on glass,877
481,"PMA, PbI2, HI",Thin film on glass,878
482,"PbI2, HI, CH3OH, NEA",Thin film on glass,879
484,"(BEA)Cl, methanol, Cl¬2 (g), PbBr2, 9-M HBr, 12-M HCl",,885
485,"(BYA)Cl, methanol, PbBr2, 9-M HBr",colorless crystals,890
486,"(BEA)Cl, methanol, PbBr2, 9-M HBr",colorless crystals,892
487,,,893
493,"Y2O3, KCl, (MA)Cl, HCl","clear, colorless crystals",903
494,"Solid CsCl, AgCl, Tl2O3, HCl, H2O","dark red, truncated octahedral crystals",905
495,"Solid CsBr, AgBr, Tl2O3, HBr","Black, truncated octahedral crystals",910
498,,"thin, dark red/black plates",941
499,"HDAI2, BiI3, DCM, DMF, DMSO",Red single crystals,948
500,"PAI, BiI3, DCM, CH3OH",Orange single crystals,949
501,"PbI2, toluene, butyric acid, butylamine, butylammonium iodide",Powder film on glass substrate,950
502,"PbI2, toluene, butyric acid, butylamine, butylammonium iodide",Powder film on glass substrate,951
503,"PbI2, toluene, butyric acid, butylamine, butylammonium iodide, anhydrous acetonitrile",Thin film on glass substrate,952
504,"PbI2, toluene, butyric acid, butylamine, butylammonium iodide, anhydrous acetonitrile",Thin film on glass substrate,953
505,"PbI2, toluene, butyric acid, butylamine, formamidinium acetate",Powder film on glass substrate,954
506,"PbI2, toluene, butyric acid, butylamine, formamidinium acetate",Thin film on glass substrate,955
507,"PbI2, toluene, butyric acid, butylamine, formamidinium acetate",Powder film on glass substrate,956
508,"PbI2, toluene, butyric acid, butylamine, formamidinium acetate, anhydrous acetonitrile",Thin film on glass substrate,957
509,"PbI2, toluene, butyric acid, butylamine, formamidinium acetate",Powder film on glass substrate,958
510,"PbI2, toluene, butyric acid, butylamine, formamidinium acetate, anhydrous acetonitrile",Thin film on glass substrate,959
511,"PbI2, toluene, butyric acid, butylamine, formamidinium acetate",Powder film on glass substrate,960
512,"PbI2, toluene, butyric acid, butylamine, formamidinium acetate, anhydrous acetonitrile",Thin film on glass substrate,961
513,,"Single crystals of were obtained by dissolving stoichiometric amounts of the organic salt and SnI2 in gamma-bytrolactone (GBL) (0.1 M), and then performing vapor diffusion of chloroform and chlorobenzene.",965
516,,,972
517,,,973
518,,,974
522,"BABr, CsBr, PbBr2, HBr",Colorless single crystals,978
523,"BABr, CsBr, PbBr2, HBr",Yellow single crystals,979
524,"BABr, CsBr, PbBr2, HBr",Yellow single crystals,980
525,"BABr, CsBr, PbBr2, HBr",Colorless single crystals,981
526,"BABr, CsBr, PbBr2, HBr",Yellow single crystals,982
527,"BABr, CsBr, PbBr2, HBr",Yellow single crystals,983
531,"BABr, CsBr, PbBr2, HBr",Colorless single crystals,987
532,"BABr, CsBr, PbBr2, HBr",Yellow single crystals,988
533,"BABr, CsBr, PbBr2, HBr",Yellow single crystals,989
534,"BABr, CsBr, PbBr2, HBr",Colorless single crystals,990
535,"BABr, CsBr, PbBr2, HBr",Yellow single crystals,991
536,"BABr, CsBr, PbBr2, HBr",Yellow single crystals,992
539,"BABr, CsBr, PbBr2, HBr",Colorless single crystals,995
542,"BABr, CsBr, PbBr2, HBr",Yellow single crystals,998
543,"BABr, CsBr, PbBr2, HBr",Yellow single crystals,999
546,"PbO, (R/S)-MBA ((R/S)-methylbenzylamine / (R/S)-1-phenylethylamine), HI",Single crystals,1002
547,"DMF, PbO, (R)-(+)-α-methylbenzylamine (R-MBA), (S)-(−)-α-methylbenzylamine (S-MBA)",Thin film on quartz substrate,1003
549,"DMF, PbO, (R)-(+)-α-methylbenzylamine (R-MBA), (S)-(−)-α-methylbenzylamine (S-MBA)",Thin film on quartz substrate,1005
550,"Gd2O3, KCl, (MA)Cl, HCl",Colorless single crystals,1006
551,"Benzodiimidazole, ethanol, HI, SnI2",Single crystals,1007
552,"Benzodiimidazole, ethanol, HI, SnI2",Single crystals,1008
553,"Benzodiimidazole, ethanol, HI, SnI2",Single crystals,1009
554,"Benzodiimidazole, ethanol, HI, SnI2",Single crystals,1010
555,"Benzodiimidazole, ethanol, HI, SnI2",Single crystals,1011
556,"Benzodiimidazole, ethanol, HI, PbI2",Single crystals,1012
557,,"orange, plate-shaped crystals",1013
558,,,1014
559,,,1018
560,,,1021
561,,,1022
562,,,1023
563,,,1026
564,,,1027
565,,,1028
566,,,1031
567,,"dark orange, plate-shaped crystals",1032
568,"Lead oxide (PbO), methylamine hydrochloride (CH3NH3Cl), guanidine hydrochloride (C(NH2)3Cl), hydriodic acid (HI), hypophosphorous acid (H3PO2)",Red single crystals,1034
569,"Lead oxide (PbO), methylamine hydrochloride (CH3NH3Cl), guanidine hydrochloride (C(NH2)3Cl), hydriodic acid (HI), hypophosphorous acid (H3PO2)",Red single crystals,1035
570,"Lead oxide (PbO), methylamine hydrochloride (CH3NH3Cl), guanidine hydrochloride (C(NH2)3Cl), hydriodic acid (HI), hypophosphorous acid (H3PO2)",Red single crystals,1036
571,"Lead oxide (PbO), methylamine hydrochloride (CH3NH3Cl), guanidine hydrochloride (C(NH2)3Cl), hydriodic acid (HI), hypophosphorous acid (H3PO2)",Red single crystals,1037
572,"Lead oxide (PbO), methylamine hydrochloride (CH3NH3Cl), guanidine hydrochloride (C(NH2)3Cl), hydriodic acid (HI), hypophosphorous acid (H3PO2)",Dark red single crystals,1038
573,"Lead oxide (PbO), methylamine hydrochloride (CH3NH3Cl), guanidine hydrochloride (C(NH2)3Cl), hydriodic acid (HI), hypophosphorous acid (H3PO2)",Dark red single crystals,1039
574,"Lead oxide (PbO), methylamine hydrochloride (CH3NH3Cl), guanidine hydrochloride (C(NH2)3Cl), hydriodic acid (HI), hypophosphorous acid (H3PO2)",Dark red single crystals,1040
575,"Lead oxide (PbO), methylamine hydrochloride (CH3NH3Cl), guanidine hydrochloride (C(NH2)3Cl), hydriodic acid (HI), hypophosphorous acid (H3PO2)",Dark red single crystals,1041
576,"Lead oxide (PbO), methylamine hydrochloride (CH3NH3Cl), guanidine hydrochloride (C(NH2)3Cl), hydriodic acid (HI), hypophosphorous acid (H3PO2)",Black single crystals,1042
577,"Lead oxide (PbO), methylamine hydrochloride (CH3NH3Cl), guanidine hydrochloride (C(NH2)3Cl), hydriodic acid (HI), hypophosphorous acid (H3PO2)",Black single crystals,1043
578,"Lead oxide (PbO), methylamine hydrochloride (CH3NH3Cl), guanidine hydrochloride (C(NH2)3Cl), hydriodic acid (HI), hypophosphorous acid (H3PO2)",Black single crystals,1044
579,"Lead oxide (PbO), methylamine hydrochloride (CH3NH3Cl), guanidine hydrochloride (C(NH2)3Cl), hydriodic acid (HI), hypophosphorous acid (H3PO2)",Black single crystals,1045
580,"PbO, HI, H3PO2, histamine dihydrochloride",Dark orange crystals,1046
581,"PbO, HI, H3PO2, histamine dihydrochloride",Dark orange crystals,1047
582,"PbO, HI, H3PO2, histamine dihydrochloride",Dark orange crystals,1048
583,"PbO, HI, H3PO2, histamine dihydrochloride",Dark orange crystals,1049
584,"SnCl2·2H2O, HI, H3PO2, histamine dihydrochloride",Black crystals,1050
585,"SnCl2·2H2O, HI, H3PO2, histamine dihydrochloride",Black crystals,1051
586,"SnCl2·2H2O, HI, H3PO2, histamine dihydrochloride",Black crystals,1052
587,"SnCl2·2H2O, HI, H3PO2, histamine dihydrochloride",Black crystals,1053
588,"PbO, HI, H3PO2, benzylamine hydrochloride",Orange crystals,1054
589,"PbO, HI, H3PO2, benzylamine hydrochloride",Orange crystals,1055
590,"PbO, HI, H3PO2, benzylamine hydrochloride",Orange crystals,1056
591,"PbO, HI, H3PO2, benzylamine hydrochloride",Orange crystals,1057
592,"SnCl2·2H2O, HI, H3PO2, benzylamine hydrochloride",Dark red crystals,1058
593,"SnCl2·2H2O, HI, H3PO2, benzylamine hydrochloride",Dark red crystals,1059
594,"SnCl2·2H2O, HI, H3PO2, benzylamine hydrochloride",Dark red crystals,1060
595,"SnCl2·2H2O, HI, H3PO2, benzylamine hydrochloride",Dark red crystals,1061
596,"3-(aminomethyl)piperidine (3AMP), PbO, HI, H3PO2",Red crystals,1062
597,"3-(aminomethyl)piperidine (3AMP), PbO, HI, H3PO2",Red crystals,1063
598,"3-(aminomethyl)piperidine (3AMP), PbO, HI, H3PO2",Red crystals,1064
599,"3-(aminomethyl)piperidine (3AMP), PbO, HI, H3PO2",Red crystals,1065
600,"3-(aminomethyl)piperidine (3AMP), methylammonium iodide (MAI), PbO, HI, H3PO2",Dark red crystals,1066
601,"3-(aminomethyl)piperidine (3AMP), methylammonium iodide (MAI), PbO, HI, H3PO2",Dark red crystals,1067
602,"3-(aminomethyl)piperidine (3AMP), methylammonium iodide (MAI), PbO, HI, H3PO2",Dark red crystals,1068
603,"3-(aminomethyl)piperidine (3AMP), methylammonium iodide (MAI), PbO, HI, H3PO2",Dark red crystals,1069
604,"3-(aminomethyl)piperidine (3AMP), methylammonium iodide (MAI), PbO, HI, H3PO2",Dark red crystals,1070
605,"3-(aminomethyl)piperidine (3AMP), methylammonium iodide (MAI), PbO, HI, H3PO2",Black crystals,1071
606,"3-(aminomethyl)piperidine (3AMP), methylammonium iodide (MAI), PbO, HI, H3PO2",Black crystals,1072
607,"3-(aminomethyl)piperidine (3AMP), methylammonium iodide (MAI), PbO, HI, H3PO2",Black crystals,1073
608,"3-(aminomethyl)piperidine (3AMP), methylammonium iodide (MAI), PbO, HI, H3PO2",Black crystals,1074
609,"3-(aminomethyl)piperidine (3AMP), methylammonium iodide (MAI), PbO, HI, H3PO2",Black crystals,1075
610,"3-(aminomethyl)piperidine (3AMP), methylammonium iodide (MAI), PbO, HI, H3PO2",Black crystals,1076
611,"3-(aminomethyl)piperidine (3AMP), methylammonium iodide (MAI), PbO, HI, H3PO2",Black crystals,1077
612,"3-(aminomethyl)piperidine (3AMP), methylammonium iodide (MAI), PbO, HI, H3PO2",Black crystals,1078
613,"3-(aminomethyl)piperidine (3AMP), methylammonium iodide (MAI), PbO, HI, H3PO2",Black crystals,1079
614,"3-(aminomethyl)piperidine (3AMP), methylammonium iodide (MAI), PbO, HI, H3PO2",Black crystals,1080
615,"4-(aminomethyl)piperidine (4AMP), PbO, HI, H3PO2",Orange crystals,1081
616,"4-(aminomethyl)piperidine (4AMP), PbO, HI, H3PO2",Orange crystals,1082
617,"4-(aminomethyl)piperidine (4AMP), PbO, HI, H3PO2",Orange crystals,1083
618,"4-(aminomethyl)piperidine (4AMP), PbO, HI, H3PO2",Orange crystals,1084
619,"4-(aminomethyl)piperidine (4AMP), PbO, HI, H3PO2",Orange crystals,1085
620,"4-(aminomethyl)piperidine (4AMP), methylammonium iodide (MAI),  PbO, HI, H3PO2",Red crystals,1086
621,"4-(aminomethyl)piperidine (4AMP), methylammonium iodide (MAI),  PbO, HI, H3PO2",Red crystals,1087
622,"4-(aminomethyl)piperidine (4AMP), methylammonium iodide (MAI),  PbO, HI, H3PO2",Red crystals,1088
623,"4-(aminomethyl)piperidine (4AMP), methylammonium iodide (MAI),  PbO, HI, H3PO2",Red crystals,1089
624,"4-(aminomethyl)piperidine (4AMP), methylammonium iodide (MAI),  PbO, HI, H3PO2",Red crystals,1090
625,"4-(aminomethyl)piperidine (4AMP), methylammonium iodide (MAI),  PbO, HI, H3PO2",Black crystals,1091
626,"4-(aminomethyl)piperidine (4AMP), methylammonium iodide (MAI),  PbO, HI, H3PO2",Black crystals,1092
627,"4-(aminomethyl)piperidine (4AMP), methylammonium iodide (MAI),  PbO, HI, H3PO2",Black crystals,1093
628,"4-(aminomethyl)piperidine (4AMP), methylammonium iodide (MAI),  PbO, HI, H3PO2",Black crystals,1094
629,"4-(aminomethyl)piperidine (4AMP), methylammonium iodide (MAI),  PbO, HI, H3PO2",Black crystals,1095
630,"4-(aminomethyl)piperidine (4AMP), methylammonium iodide (MAI),  PbO, HI, H3PO2",Black crystals,1096
631,"4-(aminomethyl)piperidine (4AMP), methylammonium iodide (MAI),  PbO, HI, H3PO2",Black crystals,1097
632,"4-(aminomethyl)piperidine (4AMP), methylammonium iodide (MAI),  PbO, HI, H3PO2",Black crystals,1098
633,"4-(aminomethyl)piperidine (4AMP), methylammonium iodide (MAI),  PbO, HI, H3PO2",Black crystals,1099
634,"4-(aminomethyl)piperidine (4AMP), methylammonium iodide (MAI),  PbO, HI, H3PO2",Black crystals,1100
636,"[C(NH2)3]2CO3, CsI, PbI2, HI",Red crystals,1102
637,"[C(NH2)3]2CO3, CsI, PbI2, HI",Red crystals,1103
638,"[C(NH2)3]2CO3, CsI, PbI2, HI",Red crystals,1104
639,"[C(NH2)3]2CO3, CsI, PbI2, HI",Red crystals,1105
640,"[C(NH2)3]2CO3, CsBr, PbBr2, HBr",Yellow crystals,1106
642,"[C(NH2)3]2CO3, CsBr, PbBr2, HBr",Yellow crystals,1108
643,"[C(NH2)3]2CO3, CsBr, PbBr2, HBr",Yellow crystals,1109
645,"[C(NH2)3]2CO3, CsBr, PbBr2, HBr",Yellow crystals,1111
647,"[C(NH2)3]2CO3, CsBr, PbBr2, HBr",Yellow crystals,1113
648,"[C(NH2)3]2CO3, CsBr, PbBr2, HBr",Yellow crystals,1114
649,"[C(NH2)3]2CO3, CsBr, PbBr2, HBr",Yellow crystals,1115
650,"[C(NH2)3]2CO3, CsBr, PbBr2, HBr",Yellow crystals,1116
651,"PbO, MACL, n-butylamine, HI, H3PO2",Black crystals,1117
652,"PbO, MACL, n-butylamine, HI, H3PO2",Black crystals,1118
653,"PbO, MACL, n-butylamine, HI, H3PO2",Black crystals,1119
654,"PbO, MACL, n-butylamine, HI, H3PO2",Black crystals,1120
655,"PbO, MACL, n-butylamine, HI, H3PO2",Black crystals,1121
656,"Y2O3, KCl, (MA)Cl, HCl",Colorless single crystals,1122
662,"AMP, HI, PbO, H3PO2",orange single-crystals,1129
663,"AMP, HI, PbO, H3PO2",orange single-crystals,1130
664,"PbO (99.9%), SnCl2•2H2O (99%), hydroiodic acid (57 wt % in H2O, 99.95%), hypophosphorous acid solution (50 wt % in H2O), 3-(aminomethyl)-pyridine (99%), and 4-(aminomethyl)pyridine (98%) were purchased from Sigma-Aldrich.","black, plated crystals",1136
665,"PbO (99.9%), SnCl2•2H2O (99%), hydroiodic acid (57 wt % in H2O, 99.95%), hypophosphorous acid solution (50 wt % in H2O), 3-(aminomethyl)-pyridine (99%), and 4-(aminomethyl)pyridine (98%) were purchased from Sigma-Aldrich.","red, plated crystals",1137
666,"PbO (99.9%), SnCl2•2H2O (99%), hydroiodic acid (57 wt % in H2O, 99.95%), hypophosphorous acid solution (50 wt % in H2O), 3-(aminomethyl)-pyridine (99%), and 4-(aminomethyl)pyridine (98%) were purchased from Sigma-Aldrich.",orange plated crystals,1141
667,"PbO (99.9%), SnCl2•2H2O (99%), hydroiodic acid (57 wt % in H2O, 99.95%), hypophosphorous acid solution (50 wt % in H2O), 3-(aminomethyl)-pyridine (99%), and 4-(aminomethyl)pyridine (98%) were purchased from Sigma-Aldrich.","black, plated crystals",1145
668,"PbO (99.9%), SnCl2•2H2O (99%), hydroiodic acid (57 wt % in H2O, 99.95%), hypophosphorous acid solution (50 wt % in H2O), 3-(aminomethyl)-pyridine (99%), and 4-(aminomethyl)pyridine (98%) were purchased from Sigma-Aldrich.","black, plated crystals",1149
669,"PbO (99.9%), SnCl2•2H2O (99%), hydroiodic acid (57 wt % in H2O, 99.95%), hypophosphorous acid solution (50 wt % in H2O), 3-(aminomethyl)-pyridine (99%), and 4-(aminomethyl)pyridine (98%) were purchased from Sigma-Aldrich.","dark red, plated crystals",1151
673,"(R)-(+)-α-methylbenzylamine (R-MBA), (S)-(−)-α-methylbenzylamine, (S-MBA), (±)-α-methylbenzylamine (rac-MBA), tin oxide (SnO2), HI, H3PO2",Orange crystals,1158
674,"(R)-(+)-α-methylbenzylamine (R-MBA), (S)-(−)-α-methylbenzylamine, (S-MBA), (±)-α-methylbenzylamine (rac-MBA), tin oxide (SnO2), HI, H3PO2, N,N-anhydrous DMF",Thin film on quartz substrate,1159
675,"(R)-(+)-α-methylbenzylamine (R-MBA), (S)-(−)-α-methylbenzylamine, (S-MBA), (±)-α-methylbenzylamine (rac-MBA), tin oxide (SnO2), HI, H3PO2, N,N-anhydrous DMF",Thin film on quartz substrate,1160
676,"Tin(II) oxide (0.6 mmol), hydriodic acid (5 mL),  hypophosphorous acid ( 3 mL),  phenethylamine (1.2 mmol)",(PEA)2SnI4,1161
677,"(R)-(+)-α-methylbenzylamine (R-MBA), (S)-(−)-α-methylbenzylamine, (S-MBA), (±)-α-methylbenzylamine (rac-MBA), tin oxide (SnO2), HI, H3PO2, N,N-anhydrous DMF",Thin film on FTO substrate,1162
678,"(R)-(+)-α-methylbenzylamine (R-MBA), (S)-(−)-α-methylbenzylamine, (S-MBA), (±)-α-methylbenzylamine (rac-MBA), tin oxide (SnO2), HI, H3PO2, N,N-anhydrous DMF",Thin film on FTO substrate,1163
679,"lead oxide (10 mmol),  hydriodic acid (10 mL), hypophosphorous acid (1.7 mL ),  C4H9NH3I",(BA)2PbI4,1164
680,"lead oxide (0.5 mmol), (OA)2PbI4  (0.5 mmol),",(DA)2PbI4 and (DA)2PbI4: hexane,1165
683,"PbI2, HI, HOC3H6NH2",Red crystals,1170
684,"PbI2, HI, HOC2H4NH2",Yellow crystals,1171
685,"PbI2, HI, HOC3H6NH2",Yellow crystals,1172
686,"PbI2, HI, HOC4H8NH2",Yellow crystals,1173
687,"PbI2, HI, HOC5H10NH2",Orange crystals,1174
688,"PbI2, HI, HOC6H12NH2",Orange crystals,1175
689,"PbI2, HI, BrC2H4NH2·HBr",Red crystals,1176
690,"PbI2, HI, HSC2H4NH2·HCl",Orange crystals,1177
691,"PbI2, HI, HSC2H4NH2·HCl",Yellow crystals,1178
692,"Dichloromethane, γ-butyrolactone (GBL), organic ammonium iodide salt, lead iodide",Single crystals,1179
693,"Dichloromethane, γ-butyrolactone (GBL), organic ammonium iodide salt, lead iodide",Single crystals,1180
694,"Dichloromethane, γ-butyrolactone (GBL), organic ammonium iodide salt, lead iodide",Single crystals,1181
695,"Dichloromethane, γ-butyrolactone (GBL), organic ammonium iodide salt, lead iodide",Single crystals,1182
696,"Dichloromethane, γ-butyrolactone (GBL), organic ammonium iodide salt, lead iodide",Single crystals,1183
697,"Dichloromethane, γ-butyrolactone (GBL), organic ammonium iodide salt, lead iodide",Single crystals,1184
698,"Dichloromethane, γ-butyrolactone (GBL), organic ammonium iodide salt, lead iodide",Single crystals,1185
699,"Dichloromethane, γ-butyrolactone (GBL), organic ammonium iodide salt, lead iodide, DMF, DMSO",Thin film on glass substrate,1186
700,"Dichloromethane, γ-butyrolactone (GBL), organic ammonium iodide salt, lead iodide, DMF, DMSO",Thin film on glass substrate,1187
701,"Dichloromethane, γ-butyrolactone (GBL), organic ammonium iodide salt, lead iodide, DMF, DMSO",Thin film on glass substrate,1188
702,"Dichloromethane, γ-butyrolactone (GBL), organic ammonium iodide salt, lead iodide, DMF, DMSO",Thin film on glass substrate,1189
703,"Dichloromethane, γ-butyrolactone (GBL), organic ammonium iodide salt, lead iodide, DMF, DMSO",Thin film on glass substrate,1190
704,"Dichloromethane, γ-butyrolactone (GBL), organic ammonium iodide salt, lead iodide, DMF, DMSO",Thin film on glass substrate,1191
705,"Dichloromethane, γ-butyrolactone (GBL), organic ammonium iodide salt, lead iodide, DMF, DMSO",Thin film on glass substrate,1192
706,"Dichloromethane, γ-butyrolactone (GBL), organic ammonium iodide salt, lead iodide, DMF, DMSO",Thin film on glass substrate,1193
711,"Dichloromethane (DCM), γ-butyrolactone (GBL), organic ammonium iodide salt, lead iodide",Single crystals,1199
712,"Dichloromethane (DCM), γ-butyrolactone (GBL), organic ammonium iodide salt, lead iodide",Single crystals,1200
713,"Dichloromethane (DCM), γ-butyrolactone (GBL), organic ammonium iodide salt, lead iodide",Single crystals,1201
714,"Dichloromethane (DCM), γ-butyrolactone (GBL), organic ammonium iodide salt, lead iodide",Single crystals,1202
715,"Dichloromethane (DCM), γ-butyrolactone (GBL), organic ammonium iodide salt, lead iodide",Single crystals,1203
716,"Dichloromethane (DCM), γ-butyrolactone (GBL), organic ammonium iodide salt, lead iodide",Single crystals,1204
717,"Dichloromethane (DCM), γ-butyrolactone (GBL), organic ammonium iodide salt, lead iodide, DMF, DMSO",Thin film on glass substrate,1205
718,"Dichloromethane (DCM), γ-butyrolactone (GBL), organic ammonium iodide salt, lead iodide, DMF, DMSO",Thin film on glass substrate,1206
719,"Dichloromethane (DCM), γ-butyrolactone (GBL), organic ammonium iodide salt, lead iodide, DMF, DMSO",Thin film on glass substrate,1207
720,"Dichloromethane (DCM), γ-butyrolactone (GBL), organic ammonium iodide salt, lead iodide, DMF, DMSO",Thin film on glass substrate,1208
721,"HI, H3PO2, anhydrous ethanol, SnI2, organic cation iodide salt",Single crystals,1209
722,"HI, H3PO2, anhydrous ethanol, SnI2, organic cation iodide salt",Single crystals,1210
723,"HI, H3PO2, anhydrous ethanol, SnI2, organic cation iodide salt",Single crystals,1211
724,"HI, H3PO2, anhydrous ethanol, SnI2, organic cation iodide salt",Single crystals,1212
725,"HI, H3PO2, anhydrous ethanol, SnI2, organic cation iodide salt",Single crystals,1213
726,"HI, H3PO2, anhydrous ethanol, SnI2, organic cation iodide salt",Single crystals,1214
727,"HI, H3PO2, anhydrous ethanol, SnI2, organic cation iodide salt",Single crystals,1215
728,"HI, H3PO2, anhydrous ethanol, SnI2, organic cation iodide salt",Single crystals,1216
729,"HI, H3PO2, anhydrous ethanol, SnI2, organic cation iodide salt",Single crystals,1217
730,"HI, H3PO2, anhydrous ethanol, SnI2, organic cation iodide salt",Single crystals,1218
731,"HI, H3PO2, anhydrous ethanol, SnI2, organic cation iodide salt",Single crystals,1219
732,"HI, H3PO2, anhydrous ethanol, SnI2, organic cation iodide salt",Single crystals,1220
733,"HI, H3PO2, anhydrous ethanol, SnI2, organic cation iodide salt",Single crystals,1221
734,"HI, H3PO2, anhydrous ethanol, SnI2, organic cation iodide salt",Single crystals,1222
735,"HI, H3PO2, anhydrous ethanol, SnI2, organic cation iodide salt",Single crystals,1223
736,"HI, H3PO2, anhydrous ethanol, SnI2, organic cation iodide salt",Single crystals,1224
739,"HI, H3PO2, anhydrous ethanol, SnI2, organic cation iodide salt",Single crystals,1227
741,"HI, H3PO2, anhydrous ethanol, SnI2, organic cation iodide salt",Single crystals,1229
742,"HI, H3PO2, anhydrous ethanol, SnI2, organic cation iodide salt",Single crystals,1230
743,"HI, H3PO2, anhydrous ethanol, SnI2, organic cation iodide salt",Single crystals,1231
744,"HI, H3PO2, anhydrous ethanol, SnI2, organic cation iodide salt",Single crystals,1232
746,"HI, H3PO2, anhydrous ethanol, SnI2, organic cation iodide salt",Single crystals,1234
747,"HI, H3PO2, anhydrous ethanol, SnI2, organic cation iodide salt",Single crystals,1235
748,"HI, H3PO2, anhydrous ethanol, SnI2, organic cation iodide salt",Single crystals,1236
749,"HI, H3PO2, anhydrous ethanol, SnI2, organic cation iodide salt",Single crystals,1237
750,"HI, H3PO2, anhydrous ethanol, SnI2, organic cation iodide salt",Single crystals,1238
751,"HI, H3PO2, anhydrous ethanol, SnI2, organic cation iodide salt",Single crystals,1239
752,"HI, H3PO2, anhydrous ethanol, SnI2, organic cation iodide salt",Single crystals,1240
753,"HI, H3PO2, anhydrous ethanol, SnI2, organic cation iodide salt",Single crystals,1241
754,"HI, H3PO2, anhydrous ethanol, SnI2, organic cation iodide salt",Single crystals,1242
755,"HI, H3PO2, anhydrous ethanol, SnI2, organic cation iodide salt",Single crystals,1243
757,"Pb(NO3)2, H2O, KBr, HBr, CsBr","orange, transparent crystals",1248
758,"CsI, SnI2",black crystals,1259
759,"CsI, SnI2",black crystals,1260
760,"CsI, SnI2",black crystals (orthorhombic phase),1261
761,"CsI, SnI2",black crystals (orthorhombic phase),1262
762,"CsI, SnI2",pure yellow phase,1263
763,"CsI, SnI2",black crystals,1264
764,"CsI, SnI2",black crystals,1265
765,"HI, H3PO2, SnI2, (CH3)3NHI","Pale yellow, hexagonal needles (after exposure to air for 30 min, product became black oxidized species).",1269
766,"HI, H3PO2, SnI2, CH3CH2NH3I","Pale yellow, rectangular needles (after exposure to air for 30 min, product became black oxidized species).",1273
767,"HI, H3PO2, SnI2, CH3CH2NH3I",dark red crystals,1278
768,"HI, H3PO2, SnI2, C(NH2)3I","Dark red (after exposure to air for 30 min, product became black oxidized species).",1283
769,"HI, H3PO2, SnI2, C(NH2)3I","red, rectangular crystals (after exposure to air for 30 min, product became black oxidized species).",1284
770,"HI, H3PO2, SnI2, CH3C(NH2)2I","orange, hexagonal needles (after exposure to air for 30 min, product became black oxidized species).",1289
771,"HI, H3PO2, SnI2, CH3C(NH2)2I","yellow hexagonal plates (after exposure to air for 30 min, product became black oxidized species).",1294
772,"HI, H3PO2, SnI2, imidazole","yellow/orange hexagonal plates (after exposure to air for 30 min, product became black oxidized species).",1300
773,"HI, H3PO2, SnI2, (CH3)2CHNH3I","yellow rectangular needles (after exposure to air for 30 min, product became black oxidized species).",1305
774,"HI, H3PO2, SnI2, (CH3)2CHNH3I",Red crystals,1309
775,"HI, H3PO2, SnCl2•2H2O, (CH3)2CHNH3I","cherry-red rectangular plates (after exposure to air for 30 min, product became black oxidized species).",1315
776,"Milli-Q grade water (18.2 MΩ∙cm), Gold nanoparticles",3-mercaptopropionic acid (C3-MPA),1319
777,"CH3NH3Br (5- 9 mg/mL), Anhydrous isopropanol (4 mL), PEDOT:PSS, Aldrich ( 10 µL)",CH3NH3PbBr3 Nanorod Arrays,1320
779,"PbI2, HI, C3H5NH2",Yellow crystals,1322
780,"PbI2, HI, C4H7NH2",Orange crystals,1323
781,"PbI2, HI, C5H9NH2",Orange crystals,1324
782,"PbI2, HI, C6H11NH2",Orange crystals,1325
783,"PbI2, HI, C7H13NH2",Yellow crystals,1326
784,"PbI2, HI, C8H15NH2",Yellow crystals,1327
785,"Acetonitrile, HI, X(CH2)2NH2 (X = Cl, Br, I), PbI2",Red crystals,1328
786,"Acetonitrile, HI, X(CH2)2NH2 (X = Cl, Br, I), PbI2",Red crystals,1329
787,"Acetonitrile, HI, X(CH2)2NH2 (X = Cl, Br, I), PbI2",Orange crystals,1330
788,"Acetonitrile, HI, X(CH2)2NH2 (X = Cl, Br, I), PbI2",Thin film on glass substrate,1331
789,"Acetonitrile, HI, X(CH2)2NH2 (X = Cl, Br, I), PbI2",Thin film on glass substrate,1332
790,"Acetonitrile, HI, X(CH2)2NH2 (X = Cl, Br, I), PbI2",Thin film on glass substrate,1333
791,"Acetonitrile, HI, X(CH2)2NH2 (X = Cl, Br, I), PbI2",Thin film on glass substrate,1334
792,"Acetonitrile, HI, X(CH2)2NH2 (X = Cl, Br, I), PbI2",Thin film on glass substrate,1335
793,"Acetonitrile, HI, X(CH2)2NH2 (X = Cl, Br, I), PbI2",Thin film on glass substrate,1336
794,"Acetonitrile, HI, X(CH2)2NH2 (X = Cl, Br, I), PbI2",Red crystals,1337
795,"Acetonitrile, HI, X(CH2)2NH2 (X = Cl, Br, I), PbI2",Red crystals,1338
796,"Acetonitrile, HI, X(CH2)2NH2 (X = Cl, Br, I), PbI2",Orange crystals,1339
797,"Acetonitrile, HI, X(CH2)2NH2 (X = Cl, Br, I), PbI2",Red crystals,1340
798,"Acetonitrile, HI, X(CH2)2NH2 (X = Cl, Br, I), PbI2",Orange crystals,1341
800,"AzBr, MABr, PbBr2 in DMF/DMSO (4:1), Acetonitrile",AzPbBr3,1343
802,"PbBr2, HBr, C3H5NH2",Colorless crystals,1345
803,"PbBr2, HBr, C4H7NH2",Colorless crystals,1346
804,"PbBr2, HBr, C5H9NH2",Colorless crystals,1347
805,"PbBr2, HBr, C6H11NH2",Orange crystals,1348
806,"PbBr2, HBr, C7H13NH2",Colorless crystals,1349
807,"PbBr2, HBr, C8H15NH2",Colorless crystals,1350
808,"PbCl2, HCl, C3H5NH2",Colorless crystals,1351
809,"PbCl2, HCl, C4H7NH2",Colorless crystals,1352
810,"PbCl2, HCl, C5H9NH2",Colorless crystals,1353
811,"PbCl2, HCl, C6H11NH2",Colorless crystals,1354
812,"PbCl2, HCl, C7H13NH2",Colorless crystals,1355
813,"PbCl2, HCl, C8H15NH2",Colorless crystals,1356
815,"API, PbBr2, HBr",Single crystals,1358
816,"API, PbBr2, HBr, DMF",Thin film on quartz substrate,1359
817,"API, PbBr2, HBr, DMF",Thin film on quartz substrate,1360
819,"PbO, HI, methylamine hydrochloride, pentylamine, H3PO2",red plate crystals,1363
820,"PbO, HI, methylamine hydrochloride, pentylamine, H3PO2",brown plate crystals,1367
821,"PbO, HI, methylamine hydrochloride, pentylamine, H3PO2",black plate crystals,1374
822,"PbO, HI, methylamine hydrochloride, pentylamine, H3PO2",black plate crystals,1381
823,"PbO, HI, methylamine hydrochloride, hexylamine, H3PO2",red plate crystals,1387
824,"PbO, HI, methylamine hydrochloride, hexylamine, H3PO2",brown plate crystals,1392
825,"PbO, HI, methylamine hydrochloride, hexylamine, H3PO2",black plate crystals,1397
826,"PbO, HI, pentylamine, H3PO2",Orange plate crystals,1408
827,"PbO, HI, pentylamine, H3PO2",Orange plate crystals,1409
828,"PbO, HI, pentylamine, H3PO2",Orange plate crystals,1410
829,"PbO, HI, hexylamine, H3PO2",orange plate crystals,1412
830,"PbO, HI, hexylamine, H3PO2",orange plate crystals,1415
831,"PbO, HI, hexylamine, H3PO2","PbO powder (2232 mg, 10 mmol) was dissolved in 57% w/w aqueous HI solution (17 mL) in a 50 mL glass flask. The solution was heated and stirred constantly. A bright yellow solution resulted. Hexylamine (1000 μL, 7.52 mmol) was added to 50% H3PO2 (2 mL) slowly. Stirring was discontinued. The solution was cooled on a hot plate and eventually cooled to room temperature.",1414
832,"PbBr2, histamine, HBr, DMF",Pink crystals,1418
833,"PbBr2, histamine, HBr, DMF",Thin film on quartz substrate,1419
835,"PbBr2, histamine, HBr, DMF",Thin film on quartz substrate,1421
836,"PbCl2, histamine, HCl, DMF",Thin film on quartz substrate,1422
837,"PbCl2, histamine, HCl, DMF",Thin film on quartz substrate,1423
838,"DMF, PbO, (R)-(+)-α-methylbenzylamine (R-MBA), (S)-(−)-α-methylbenzylamine (S-MBA)",Thin film on ITO substrate,1424
839,"DMF, PbO, (R)-(+)-α-methylbenzylamine (R-MBA), (S)-(−)-α-methylbenzylamine (S-MBA)",Thin film on ITO substrate,1425
840,CH3NH3PbBr3,CH3NH3PbI3,1426
842,"PbBr2, HBr, formamidinium acetate, 3-(aminomethyl)piperidine","yellow, plated crystals",1428
843,"Tin iodide, 2-trimethylammonioethylammonium diiodide, methanol, acetonitrile",Black crystals,1431
844,"Tin iodide, 2-trimethylammonioethylammonium diiodide, methanol, acetonitrile, DMF",Dark red thin films on glass,1432
845,"Tin iodide, 2-trimethylammonioethylammonium diiodide, methanol, acetonitrile, DMF",Dark red thin films on glass,1433
846,"PbI2, K2C2O4·H2O, ethylendiamine, HI, ethanol",Yellow crystals,1434
848,"PbI2, K2C2O4·H2O, ethylendiamine, HI, ethanol",Yellow crystals,1436
849,"PbI2, K2C2O4·H2O, ethylendiamine, HI, ethanol",Yellow crystals,1437
850,"PbI2, K2C2O4·H2O, ethylendiamine, HI, ethanol",Yellow crystals,1438
851,"PbI2, K2C2O4·H2O, ethylendiamine, HI, ethanol",Yellow crystals,1439
852,"PbI2, K2C2O4·H2O, ethylendiamine, HI, ethanol",Yellow crystals,1440
853,"PbI2, K2C2O4·H2O, ethylendiamine, HI, ethanol",Yellow crystals,1441
854,"PbI2, K2C2O4·H2O, ethylendiamine, HI, ethanol",Yellow crystals,1442
865,"Methanol, hexafluorobenzene, (PEA)2SnI4",Red crystals,1453
866,"Methanol, hexafluorobenzene, (PEA)2SnI4",Thin film on quartz substrate,1454
867,"Methanol, hexafluorobenzene, (PEA)2SnI4",Thin film on quartz substrate,1455
868,"Methanol, hexafluorobenzene, (PEA)2SnI4",Red crystals,1456
869,"Methanol, hexafluorobenzene, (PEA)2SnI4",Red crystals,1457
870,"HI, SnI2, organic salt, toluene",Thin film on quartz substrate,1458
871,"HI, SnI2, organic salt, toluene",Thin film on quartz substrate,1459
872,"HI, SnI2, organic salt, toluene",Red crystals,1460
873,"HI, SnI2, organic salt, toluene",Red crystals,1461
875,"Methanol, benzene, (C6F5C2H4NH3)2SnI4",Red crystals,1463
876,"Methanol, benzene, (C6F5C2H4NH3)2SnI4",Red crystals,1464
877,"Methanol, benzene, (C6F5C2H4NH3)2SnI4",Red crystals,1465
878,"HI, SnI2, organic salt, toluene",Red crystals,1466
879,"HI, SnI2, organic salt, toluene",Red crystals,1467
880,"PbBr2, HBr, methylammonium chloride, 3-(aminomethyl)piperidine","yellow, plated crystals",1472
881,"PbBr2, HBr, formamidinium acetate, 4-(aminomethyl)piperidine","yellow, plated crystals",1473
882,"PbBr2, HBr, methylammonium chloride, acetate, 4-(aminomethyl)piperidine","yellow, plated crystals",1478
883,"pyridine, iodoethylammonium iodide, anhydrous acetonitrile, PbI2, HI",red plate crystals,1481
884,,,1484
885,,,1485
886,,,1486
887,"ImEAI, PbI2, HI",orange plate,1487
888,,,1488
889,,,1489
890,,,1490
891,,,1491
892,,,1492
894,,,1494
895,,,1495
896,,,1497
897,"PyrzEAI, PbI2, HI",yellow prism,1498
898,,,1499
899,,,1500
900,,,1501
901,"histamine dihydrochloride, HI, PbI2",red block,1502
902,"PipEAI, PbI2, HI",red plate,1503
903,,,1504
904,,,1505
905,,,1506
906,"PEAI, PbI2, HI",orange plate,1507
910,"PbBr2 (Aldrich), CH3NH3Br (Dyesol) , PbI2 (Aldrich), CH3NH3I (Dyesol), DMF (Aldrich)",CsPb(BrxI1-x)3,1517
911,"PbBr2 (Aldrich), CH3NH3Br (Dyesol) , PbI2 (Aldrich), CH3NH3I (Dyesol), DMF (Aldrich)",CsPb(BrxI1-x)3,1518
915,"PbBr2 and MABr (1:1:1 molar ratio), dimethyl sulfoxide (0.5 M), ,",OITP,1522
916,"MAI, lead thiocyanide, DMF, tetrahydrofuran",Red crystals,1523
917,"MAI, lead thiocyanide, DMF, tetrahydrofuran",Red crystals,1524
918,"MAI, lead thiocyanide, DMF, tetrahydrofuran",Red crystals,1525
919,"MAI, lead thiocyanide, DMF, tetrahydrofuran",Red crystals,1526
920,"MAI, lead thiocyanide, DMF, tetrahydrofuran",Red crystals,1527
921,"A-POSS and CuCl2, PdCl2, PbCl2, or MnCl2","CuPOSS, PdPOSS, PbPOSS, MnPOSS",1529
922,"HI, phenylethylamine, PbAc2•3H2O, IPA",,1530
923,"THF, PbI2, RNH3 (R = nonyl, decyl)",,1531
924,"THF, PbI2, RNH3 (R = nonyl, decyl)",,1532
925,"HI, PbI2, PEA (all of which were purchased from Sigma Aldrich)",orange crystals,1533
926,"HI, PbI2, PEA (all of which were purchased from Sigma Aldrich)",orange crystals,1534
927,"PbCO3 (2.67 g, 0.01 mol), CH3(CH2)3NH3I (1.34 g, 0.0067 mol), CH3CH2NH3I (1.15 g, 0.0067 mol)","FEP, AFEP, PEP",1537
928,"Pb(Ch3COO)2•3H2O, HBr, formamidiniumacetate, c-CH3(CH2)3NH2",yellow crystals,1538
929,"Pb(Ch3COO)2•3H2O, HBr, formamidiniumacetate, c-CH3(CH2)3NH2",yellow crystals,1539
930,"Pb(Ch3COO)2•3H2O, HBr, formamidiniumacetate, c-CH3(CH2)3NH2",yellow crystals,1540
932,"Pb(Ch3COO)2•3H2O, HBr, formamidiniumacetate, c-CH3(CH2)3NH2",yellow crystals,1542
933,"Pb(Ch3COO)2•3H2O, HBr, formamidiniumacetate, c-CH3(CH2)3NH2",yellow crystals,1543
934,"Pb(Ch3COO)2•3H2O, HBr, formamidiniumacetate, c-CH3(CH2)3NH2",yellow crystals,1544
935,"Pb(Ch3COO)2•3H2O, HBr, formamidiniumacetate, c-CH3(CH2)3NH2",yellow crystals,1545
938,"Pb(Ch3COO)2•3H2O, HBr, formamidiniumacetate, c-CH3(CH2)3NH2",yellow crystals,1548
939,"Hypophosphorous acid, 50% w/w aq. soln., manganese carbonate, guanidine carbonate, formamidinium acetate, imidazole, 1,2,4-triazole, and dabco.",[GUA]Mn(H2POO)3,1549
940,"Hypophosphorous acid, 50% w/w aq. soln., manganese carbonate, guanidine carbonate, formamidinium acetate, imidazole, 1,2,4-triazole, and dabco",[FA]Mn(H2POO)3,1550
941,"Hypophosphorous acid, 50% w/w aq. soln., manganese carbonate, guanidine carbonate, formamidinium acetate, imidazole, 1,2,4-triazole, and dabco.",[GUA]Mn(H2POO)3,1555
942,"Hypophosphorous acid, 50% w/w aq. soln., manganese carbonate, guanidine carbonate, formamidinium acetate, imidazole, 1,2,4-triazole, and dabco.",[FA]Mn(H2POO)3,1556
943,"4-methylpiperidine (0.99 g, 10 mmol), Bi2O3 (1.16 g, 2.5 mmol), HI ( 30 mL)",MP-T-BiI6,1559
944,"4-methylpiperidine (0.99 g, 10 mmol), Bi2O3 (1.16 g, 2.5 mmol), HI ( 30 mL)",MP-Bi2I9,1560
945,"Methylammonium chloride, methylammonium bromide, Hydrochloric acid, Hydrobromic acid",MA2CuCl2Br2,1561
946,"Methylammonium chloride, methylammonium bromide, Hydrochloric acid, Hydrobromic acid",MA2CuCl0.5Br3.5,1562
947,,,1563
949,"AzCl, NaBr, DMF/DMSO",Az0.4MA0.6PbBr3,1566
950,"PbI2 (0.92 g, 2 mmol), piperidinium hydrochloride and the fluorinated derivatives (0.63 g, 2 mmol), HI solution (20 ml, 47 wt % in water)",(3-FPD)PbI3,1567
951,"PbI2 (0.92 g, 2 mmol), piperidinium hydrochloride and the fluorinated derivatives (0.63 g, 2 mmol), HI solution (20 ml, 47 wt % in water)",(4-FPD)PbI3,1568
952,"PbI2 (0.92 g, 2 mmol), piperidinium hydrochloride and the fluorinated derivatives (0.63 g, 2 mmol), HI solution (20 ml, 47 wt % in water)",(PD)PbI3,1569
953,"PbI2 (0.92 g, 2 mmol), 3,3-difluoropiperidinium hydrochloride (0.63 g, 4 mmol), HI (20 ml)","(3,3-DFPD)12Pb7I26",1570
955,PbI2 (2.8nN/nm),"(4,4-DFPD)2PbI4",1572
956,CH3NH3I (2.475 M) and BiI3 (1.65 M) or Cs(2.475 M) and BiI3 (1.65 M),MA3Bi2I9,1573
958,CH3NH3I (2.475 M) and BiI3 (1.65 M) or Cs(2.475 M) and BiI3 (1.65 M),Cs3Bi2I9,1575
959,"N,N-dimethylformamide",(N-MEDA)[PbBr4],1576
960,"Hydriodic Acid (9 mL), Tributyl phosphate, phenethylammonium iodide ( 0.498 g), lead(II) iodide (0.461 g)",Phenethylammonium lead iodide (PEALI) crystals,1577
964,"S-1-(1-naphthyl)ethylamine, PbBr2",S-1-(1-naphthyl)ethylammonium lead bromide,1583
965,"R-1-(1-naphthyl)ethylamine, PbBr2",R-1-(1-naphthyl)ethylammonium lead bromide,1584
966,"(S)-(−)-α-methyl benzylamine, PbI2",(S)-(−)-α-methyl benzylammonium lead iodide (S-MBA2PbI4),1585
967,"(S)-(−)-α-methyl benzylamine, PbI2",(S)-(−)-α-methyl benzylammonium lead iodide (S-MBA2PbI4),1586
968,"(S)-(−)-α-methyl benzylamine, PbI2",(S)-(−)-α-methyl benzylammonium lead iodide (S-MBA2PbI4),1587
969,"1-(1-naphthyl)ethylamine (98%), PbBr2",1-(1-naphthyl)ethylammoium lead bromide,1588
970,"(S)-(−)-1-(1-naphthyl)ethylamine (≥99%), PbI2",S-NEA2Pb2I6 (S-NPI),1589
977,"Cyclohexylammonium bromide, PbBr2, HBr","large, pale-yellow crystals",1608
978,"Cyclohexylammonium bromide, PbBr2, HBr","large, pale-yellow crystals",1609
979,"Cyclohexylammonium bromide, PbBr2, HBr","large, pale-yellow crystals",1610
980,"Cyclohexylammonium bromide, PbBr2, HBr","large, pale-yellow crystals",1611
981,"Cyclohexylammonium bromide, PbBr2, HBr","large, pale-yellow crystals",1612
982,"Cyclohexylammonium bromide, PbBr2, HBr","large, pale-yellow crystals",1613
983,"cyclohexylamine, PbI2, HI","Large, orange crystals",1614
984,"cyclohexylamine, PbI2, HI","Large, orange crystals",1615
985,"cyclohexylamine, PbI2, HI","Large, orange crystals",1616
986,"cyclohexylamine, PbI2, HI","Large, orange crystals",1617
987,"cyclohexylamine, PbI2, HI","Large, orange crystals",1618
988,"SnI2, 2-BrC6H4C2H4NH3I, CH3OH, C6H5CH3","platelike, bright red crystals",1637
989,"SnI2, 2-ClC6H4C2H4NH3I, CH3OH, C6H5CH3","thin platelike, darker red crystals",1638
990,"HI, PEA, MAI, PbO",,1640
991,"PbCO3, CH3NH3Br, CH3(CH2)3NH3Br, HBr",,1641
992,"PbCO3, CH3NH3Br, CH3(CH2)3NH3Br, HBr",,1642
993,"PbCO3, CH3NH3Br, CH3(CH2)3NH3Br, HBr",,1643
994,"PbCO3, CH3NH3Br, CH3(CH2)3NH3Br, HBr",,1644
995,"PbCO3, CH3NH3Br, CH3(CH2)3NH3Br, HBr",,1645
996,"FABr (0.53M),  PbBr2 (0.4 M), Ethanol, OLA (625 μL), OA (25 μL),  (Toluene, 12.5 mL",FAPbBr3,1647
997,"MABr (0.53 M) , PbBr2 (0.4 M), OLA (625 μL) and OA (25 μL), (Toluene, 12.5 mL)",MAPbBr3,1648
998,"CsBr, PbBr2, DMSO",CsPbBr3,1649
999,"MnCl2, MACL, DMF, DMSO",MA2MnCl4,1650
1000,"(S)-(−)-α-methylbenzylamine, aqueous hydriodic acid, aqueous hypophosphorous acid, Tin oxide","Orange, rod-like crystals",1654
1001,"(R)-(+)-α-Methylbenzylamine, aqueous hydriodic acid, aqueous hypophosphorous acid, Tin oxide","Orange, rod-like crystals",1655
1002,"(±)-α-methylbenzylamine, aqueous hydriodic acid, aqueous hypophosphorous acid, Tin oxide","Orange, rod-like crystals",1656
1003,"PbO, HI, H3PO2, 3-Amino-pyrrolidine dihydrochloride",Orange crystals,1657
1004,"PbO, HI, H3PO2, 3-Amino-pyrrolidine dihydrochloride",Orange crystal,1658
1005,"PbO, HI, H3PO2, 3-Amino-pyrrolidine dihydrochloride",Orange crystal,1659
1006,"PbO, HCl, H3PO2, 3-Amino-pyrrolidine dihydrochloride","transparent, plate-shaped crystals",1660
1007,"PbO, HCl, H3PO2, 3-Amino-pyrrolidine dihydrochloride","transparent, plate-shaped crystals",1661
1008,"PbO, HCl, H3PO2, 3-Amino-pyrrolidine dihydrochloride","transparent, plate-shaped crystals g.",1662
1009,"PbO, HBr, H3PO2, 3-Amino-pyrrolidine dihydrochloride","Clear, plate-like crystals",1663
1010,"PbO, HBr, H3PO2, 3-Amino-pyrrolidine dihydrochloride","Clear, plate-like crystals",1664
1011,"PbO, HBr, H3PO2, 3-Amino-pyrrolidine dihydrochloride","Clear, plate-like crystals",1665
1012,"PbO, HBr, H3PO2, 3-Amino-pyrrolidine dihydrochloride","Clear, plate-like crystals",1666
1013,"PbO, HI, H3PO2, 3-Amino-pyrrolidine dihydrochloride",Orange crystal,1667
1014,"PbO, HI, H3PO2, 3-Amino-pyrrolidine dihydrochloride",Orange crystal,1668
1015,"PbO, HBr, H3PO2, 3-Amino-pyrrolidine dihydrochloride","Clear, plate-like crystals",1669
1016,"PbO, HBr, H3PO2, 3-Amino-pyrrolidine dihydrochloride","Clear, plate-like crystals",1670
1017,"PbO, HCl, H3PO2, 3-Amino-pyrrolidine dihydrochloride","transparent, plate-shaped crystals",1671
1018,"PbO, HCl, H3PO2, 3-Amino-pyrrolidine dihydrochloride","transparent, plate-shaped crystals",1672
1019,"SnBr2, C6H5CH2CH2NH3Br, HBr, H3PO2",yellow flake single crystals,1673
1020,"SnI2, F5C6CH2CH2NH3I, C11H12NI, C2H3N, C7H8O","platelike, bright red crystals",1674
1021,"(S)-(−)-α-methylbenzylamine, aqueous hydriodic acid, aqueous hypophosphorous acid, Tin oxide","Orange, rod-like crystals",1675
1022,"Cs2CO3 (99.9%, Aldrich), octadecene (ODE, 90%, Aldrich), oleic acid (OA, 90%, Aldrich), PbCl2 (99.999%, Aldrich), PbBr2 (99.999%, Aldrich), PbI2 (99%, Aldrich), oleylamine (OLA, Aldrich, 70%), hexane",CsPbBr3 and CsPb13,1676
1023,"Cs2CO3 (99.9%, Aldrich), octadecene (ODE, 90%, Aldrich), oleic acid (OA, 90%, Aldrich), PbCl2 (99.999%, Aldrich), PbBr2 (99.999%, Aldrich), PbI2 (99%, Aldrich), oleylamine (OLA, Aldrich, 70%), hexane",CsPbI3,1677
1051,"PbO, HI, formamidinium acetate, methylamine hydrochloride, PPA-I (3-phenyl-2-propenammonium – I)",red crystals,1715
1052,"PbO, HI, formamidinium acetate, methylamine hydrochloride, PPA-I (3-phenyl-2-propenammonium – I)",red crystals,1716
1053,"PbO, HI, formamidinium acetate, methylamine hydrochloride, PPA-I (3-phenyl-2-propenammonium – I)",red crystals,1717
1054,"PbO, HI, formamidinium acetate, methylamine hydrochloride, PPA-I (3-phenyl-2-propenammonium – I)",red crystals,1718
1055,"PbO, HI, formamidinium acetate, methylamine hydrochloride, PPA-I (3-phenyl-2-propenammonium – I)",dark brown crystals,1719
1056,"PbO, HI, formamidinium acetate, methylamine hydrochloride, PPA-I (3-phenyl-2-propenammonium – I)",dark brown crystals,1720
1057,"PbO, HI, formamidinium acetate, methylamine hydrochloride, PPA-I (3-phenyl-2-propenammonium – I)",dark brown crystals,1721
1058,"PbO, HI, formamidinium acetate, methylamine hydrochloride, PPA-I (3-phenyl-2-propenammonium – I)",dark brown crystals,1722
1059,"PbO, HI, H3PO2, CH3NH3Cl, n-CH3(CH2)3NH2",cherry red rectangular-shaped plates,1725
1060,"PbO, HI, H3PO2, CH3NH3Cl, n-CH3(CH2)3NH2",cherry red rectangular-shaped plates,1726
1061,"PbO, HI, H3PO2, CH3NH3Cl, n-CH3(CH2)3NH2",cherry red rectangular-shaped plates,1727
1062,"PbO, HI, H3PO2, CH3NH3Cl, n-CH3(CH2)3NH2",cherry red rectangular-shaped plates,1728
1063,"PbO, FA acetate, HI, BA, H3PO2",red plate-shaped crystals,1729
1064,"PbO, FA acetate, HI, BA, H3PO2",red plate-shaped crystals,1730
1065,"PbO, FA acetate, HI, BA, H3PO2",red plate-shaped crystals,1735
1066,"PbO, FA acetate, HI, BA, H3PO2",red plate-shaped crystals,1736
1067,"PbO, FA acetate, HI, BA, H3PO2",red plate-shaped crystals,1737
1068,"PbO, FA acetate, HI, BA, H3PO2",red plate-shaped crystals,1738
1069,"PbO, DMA chloride, HI, BA, H3PO2",red plate-shaped crystals,1739
1070,"PbO, DMA chloride, HI, BA, H3PO2",red plate-shaped crystals,1740
1071,"PbO, DMA chloride, HI, BA, H3PO2",red plate-shaped crystals,1745
1072,"PbO, DMA chloride, HI, BA, H3PO2",red plate-shaped crystals,1746
1073,"PbO, DMA chloride, HI, BA, H3PO2",red plate-shaped crystals,1747
1074,"PbO, DMA chloride, HI, BA, H3PO2",red plate-shaped crystals,1748
1076,"PbO, GA chloride, HI, BA, H3PO2",red plate-shaped crystals,1750
1077,"PbO, GA chloride, HI, BA, H3PO2",red plate-shaped crystals,1751
1078,"PbO, GA chloride, HI, BA, H3PO2",red plate-shaped crystals,1756
1079,"PbO, GA chloride, HI, BA, H3PO2",red plate-shaped crystals,1757
1080,"PbO, GA chloride, HI, BA, H3PO2",red plate-shaped crystals,1758
1081,"PbO, GA chloride, HI, BA, H3PO2",red plate-shaped crystals,1759
1082,"PbBr2, HBr, pyrazine, MeOH",dark red plate-shaped crystals,1760
1083,"PbBr2, HBr, pyrazine, MeOH",dark red plate-shaped crystals,1761
1084,"PbBr2, HBr, pyrazine, MeOH",dark red plate-shaped crystals,1762
1085,"PbBr2, HBr, pyrazine, MeOH",dark red plate-shaped crystals,1763
1086,"PbBr2, HBr, (mpz)I",dark red crystals,1764
1087,"PbBr2, HBr, (mpz)I",dark red crystals,1765
1088,"PbBr2, HBr, (mpz)I",dark red crystals,1766
1089,"PbBr2, HBr, (epz)I",dark red crystals,1767
1090,"PbBr2, HBr, (epz)I",dark red crystals,1768
1091,"PbBr2, HBr, (epz)I",dark red crystals,1769
1092,"PbBr2, HBr, (ppz)I",dark red rhombic-plate crystals,1770
1093,"PbBr2, HBr, (ppz)I",dark red rhombic-plate crystals,1771
1094,"PbBr2, HBr, (ppz)I",dark red rhombic-plate crystals,1772
1095,"PbBr2, HBr, (ppz)I",dark red rhombic-plate crystals,1773
1096,"PbBr2, HBr, (ppz)I",dark red rhombic-plate crystals,1774
1097,"PbBr2, 3-amidinopyridine hydrobromide, HBr",pale yellow plate-shaped crystals,1775
1098,"PbBr2, 3-amidinopyridine hydrobromide, HBr",pale yellow plate-shaped crystals,1776
1099,"PbBr2, 3-amidinopyridine hydrobromide, HBr",pale yellow plate-shaped crystals,1777
1100,"PbBr2, 1,2-dap, HBr",colorless needle-like crystals,1779
1101,"PbI2, NaI, GBL, dmpz(BF4)2",opaque black plate-shaped crystals,1780
1102,"PbI2, NaI, GBL, dmpz(BF4)2",opaque black plate-shaped crystals,1781
1103,"PbI2, NaI, GBL, dmpz(BF4)2",opaque black plate-shaped crystals,1782
1104,"PbI2, NaI, GBL, dmpz(BF4)2",opaque black plate-shaped crystals,1783
1105,"PbI2, NaI, GBL, dmpz(BF4)2",opaque black plate-shaped crystals,1784
1106,"PbI2, NaI, GBL, dmpz(BF4)2",opaque black plate-shaped crystals,1785
1107,"PbI2, NaI, GBL, dmpz(BF4)2",opaque black plate-shaped crystals,1786
1108,"Ether (700 mL), 3-(2,2-diethoxy-ethylsulfanyl)thiophene, 1.5 M tert-butyllithium e (400 mL, 0.600 mol)","Thieno[3,2-b]thiophene",1787
1109,"PbO powders, hydroiodic acid (HI, 57 wt.% in H2O), hypophosphorous acid (H3PO2, 50 wt. % in H2O), Methylammonium iodide (MAI), formamidinium iodide (FAI), n-Butylammonium bromide (BABr), and n-Butylammonium iodide (BAI)",(BA)2(MA)PbI,1789
1110,acetylacetonate solvent,GaAA3,1791
1111,,,1793
1112,"SnCl2 x 2H2O, HI, H3PO2, 1,8-diaminooctane (DAO)","large, yellow, rectangular crystals",1794
1113,"SnCl2 x 2H2O, HI, H3PO2, 1,8-diaminooctane (DAO)","large, yellow, rectangular crystals",1795
1114,"SnCl2 x 2H2O, HI, H3PO2, 1,8-diaminooctane (DAO)","large, yellow, rectangular crystals",1796
1115,"SnCl2 x 2H2O, HI, H3PO2, 1,8-diaminooctane (DAO)","large, yellow, rectangular crystals",1797
1116,"SnCl2 x 2H2O, HI, H3PO2, 1,8-diaminooctane (DAO)","large, yellow, rectangular crystals",1798
1117,"SnCl2 x 2H2O, HI, H3PO2, 1,8-diaminooctane (DAO)","large, yellow, rectangular crystals",1799
1118,"SnCl2 x 2H2O, HI, H3PO2, 1,8-diaminooctane (DAO)","large, yellow, rectangular crystals",1800
1119,"SnCl2 x 2H2O, HI, H3PO2, 1,8-diaminooctane (DAO)","large, yellow, rectangular crystals",1801
1120,"SnCl2 x 2H2O, HI, H3PO2, 1,8-diaminooctane (DAO)","large, yellow, rectangular crystals",1802
1121,"SnCl2 x 2H2O, HI, H3PO2, 1,8-diaminooctane (DAO)","large, yellow, rectangular crystals",1803
1122,"SnCl2 x 2H2O, HI, H3PO2, 1,8-diaminooctane (DAO)","large, yellow, rectangular crystals",1804
1123,"SnCl2 x 2H2O, HI, H3PO2, 1,8-diaminooctane (DAO)","large, yellow, rectangular crystals",1805
1124,"SnCl2 x 2H2O, HI, H3PO2, 1,8-diaminooctane (DAO)","large, yellow, rectangular crystals",1806
1125,"SnCl2 x 2H2O, HI, H3PO2, 1,8-diaminooctane (DAO)","large, yellow, rectangular crystals",1807
1126,"SnCl2 x 2H2O, HI, H3PO2, 1,8-diaminooctane (DAO)","large, yellow, rectangular crystals",1808
1127,"SnCl2 x 2H2O, HI, H3PO2, 1,8-diaminooctane (DAO)","large, yellow, rectangular crystals",1809
1128,"PbBr2,BmpipBr, DMF, Et2O",,1810
1129,"PbBr2,BmpipBr, DMF, Et2O",,1811
1131,"PbBr2,BmpipBr, DMF, Et2O",,1813
1132,"PbBr2,BmpipBr, DMF, Et2O",,1814
1133,"PbBr2,BmpipBr, DMF, Et2O",,1815
1134,"PbBr2,BmpipBr, DMF, Et2O",,1816
1135,"SnBr2,BmpipBr, EtOH",,1817
1136,"SnBr2,BmpipBr, EtOH",,1818
1137,"SnBr2,BmpipBr, EtOH",,1819
1138,"SnBr2,BmpipBr, EtOH",,1820
1139,"SnBr2,BmpipBr, EtOH",,1821
1140,"SnBr2,BmpipBr, EtOH",,1822
1141,"GeBr2,BmpipBr, EtOH",,1823
1143,"GeBr2,BmpipBr, EtOH",,1825
1144,"GeBr2,BmpipBr, EtOH",,1826
1145,"SnI2,BmpipI, GBL",,1827
1146,"SnI2,BmpipI, GBL",,1828
1147,"SnI2,BmpipI, GBL",,1829
1149,"fluorobromomethane, trimethylphosphine, acetonitrile, CdCl2",rod-like crystals,1831
1150,"fluorobromomethane, trimethylphosphine, acetonitrile, CdCl2",rod-like crystals,1832
1151,"fluorobromomethane, trimethylphosphine, acetonitrile, CdCl2",rod-like crystals,1833
1152,"fluorobromomethane, trimethylphosphine, acetonitrile, CdCl2",rod-like crystals,1834
1153,"fluorobromomethane, trimethylphosphine, acetonitrile, CdCl2",rod-like crystals,1835
1154,"fluorobromomethane, trimethylphosphine, acetonitrile, CdCl2",rod-like crystals,1836
1155,"fluorobromomethane, trimethylphosphine, acetonitrile, CdCl2",rod-like crystals,1837
1156,"fluorobromomethane, trimethylphosphine, acetonitrile, CdCl2",rod-like crystals,1838
1157,"fluorobromomethane, trimethylphosphine, acetonitrile, CdCl2",rod-like crystals,1839
1158,"fluorobromomethane, trimethylphosphine, acetonitrile, CdCl2",rod-like crystals,1840
1159,"HBr, ethanol, N1-methylethane-1,2-diamine, PbBr2, (N-MEDA)Br2","colorless, plate-like crystals",405
1160,"HBr, ethanol, N1-methylethane-1,3-diamine, PbBr2, (N-MPDA)Br2",pale yellow crystals,401
1161,n-propylamine with hydriodic acid (HI) (57wt% in water),CH3(CH2)2NH3I (C3AI),1847
1162,"As-synthesized 2T, PbI2, anhydrous dimethyl formamide (DMF) ((CH3)2NCH), anhydrous chlorobenzene (CB) (C6H5Cl), Si/SiO2",orange-red plates,777
1163,"As-synthesized 2T, PbI2, anhydrous dimethyl formamide (DMF) ((CH3)2NCH), anhydrous chlorobenzene (CB) (C6H5Cl), Si/SiO2",orange-red plates,795
1164,"As-synthesized 4Tm, PbI2, anhydrous dimethyl formamide (DMF) ((CH3)2NCH), anhydrous chlorobenzene (CB) (C6H5Cl), Si/SiO2",orange crystals,788
1165,"As-synthesized 4Tm, PbI2, anhydrous dimethyl formamide (DMF) ((CH3)2NCH), anhydrous chlorobenzene (CB) (C6H5Cl), Si/SiO2",orange crystals,794
1166,"As-synthesized 4TCNm, PbI2, anhydrous dimethyl formamide (DMF) ((CH3)2NCH), anhydrous chlorobenzene (CB) (C6H5Cl), Si/SiO2",Yellow solid,799
1167,"As-synthesized BTm, PbI2, anhydrous dimethyl formamide (DMF) ((CH3)2NCH), anhydrous chlorobenzene (CB) (C6H5Cl), Si/SiO2",red plates,801
1168,"As-synthesized BTm, PbI2, anhydrous dimethyl formamide (DMF) ((CH3)2NCH), anhydrous chlorobenzene (CB) (C6H5Cl), Si/SiO2",red plates,802
1169,"As-synthesized BTm, PbI2, anhydrous dimethyl formamide (DMF) ((CH3)2NCH), anhydrous chlorobenzene (CB) (C6H5Cl), Si/SiO2",red plates,803
1170,"AE2T·HI, PbI2, HI, dimethylformamide",red crystals,1849
1171,"Tl(PF6), (TBA)Br, MeCNHBr, BiBr3, (MA)Br",red octahedral single crystals,865
1172,"S-NEA, PbCl2, DMF, 2-butanol",clear crystals,1850
1173,"S-NEA, PbCl2, DMF, 2-butanol",clear crystals,1851
1174,"S-NEA, PbCl2, DMF, 2-butanol",clear crystals,1852
1175,"S-NEA, PbCl2, DMF, 2-butanol",clear crystals,1853
1176,"S-NEA, PbCl2, DMF, 2-butanol",clear crystals,1854
1177,"R-NEA, PbCl2, DMF, 2-butanol",clear crystals,1855
1178,"R-NEA, PbCl2, DMF, 2-butanol",clear crystals,1856
1179,"R-NEA, PbCl2, DMF, 2-butanol",clear crystals,1857
1180,"R-NEA, PbCl2, DMF, 2-butanol",clear crystals,1858
1181,"R-NEA, PbCl2, DMF, 2-butanol",clear crystals,1859
1184,"(S)-(−)-1-(1-naphthyl)ethylamine (>99%, Sigma Aldrich), lead bromide (PbBr2, 99.99%, TCI chemicals) , and hydrobromic acid (HBr) (48 wt% in H2O, >99.99%, Sigma Aldrich)",[S-(−)-1-(1-naphthyl)ethylammonium]2PbBr4,1864
1186,"(S)-(−)-1-(1-naphthyl)ethylamine (>99%, Sigma Aldrich), lead bromide (PbBr2, 99.99%, TCI chemicals) , and hydrobromic acid (HBr) (48 wt% in H2O, >99.99%, Sigma Aldrich)",[S-(−)-1-(1-naphthyl)ethylammonium]2PbBr4,1866
1188,"(S)-(−)-1-(1-naphthyl)ethylamine (>99%, Sigma Aldrich), lead bromide (PbBr2, 99.99%, TCI chemicals) , and hydrobromic acid (HBr) (48 wt% in H2O, >99.99%, Sigma Aldrich)",[S-(−)-1-(1-naphthyl)ethylammonium]2PbBr4,1868
1189,"(S)-(−)-1-(1-naphthyl)ethylamine (>99%, Sigma Aldrich), lead bromide (PbBr2, 99.99%, TCI chemicals) , and hydrobromic acid (HBr) (48 wt% in H2O, >99.99%, Sigma Aldrich)",[S-(−)-1-(1-naphthyl)ethylammonium]2PbBr4,1869
1190,"(S)-(−)-1-(1-naphthyl)ethylamine (>99%, Sigma Aldrich), lead bromide (PbBr2, 99.99%, TCI chemicals) , and hydrobromic acid (HBr) (48 wt% in H2O, >99.99%, Sigma Aldrich)",[S-(−)-1-(1-naphthyl)ethylammonium]2PbBr4,1870
1191,"1-(1-naphthyl) ethylamine (98%, Sigma Aldrich),  lead bromide (PbBr2, 99.99%, TCI chemicals) and hydrobromic acid (HBr) (48 wt% in H2O, >99.99%, Sigma Aldrich)",1-(1-naphthyl)ethylammonium]2PbBr4,1871
1192,"1-(1-naphthyl) ethylamine (98%, Sigma Aldrich),  lead bromide (PbBr2, 99.99%, TCI chemicals) and hydrobromic acid (HBr) (48 wt% in H2O, >99.99%, Sigma Aldrich)",1-(1-naphthyl)ethylammonium]2PbBr4,1872
1193,"PbO (99.9%), SnCl2•2H2O (99%), hydroiodic acid (57 wt % in H2O, 99.95%), hypophosphorous acid solution (50 wt % in H2O), 3-(aminomethyl)-pyridine (99%), and 4-(aminomethyl)pyridine (98%) were purchased from Sigma-Aldrich.","red, plated crystals",1873
1194,"PbO (99.9%), SnCl2•2H2O (99%), hydroiodic acid (57 wt % in H2O, 99.95%), hypophosphorous acid solution (50 wt % in H2O), 3-(aminomethyl)-pyridine (99%), and 4-(aminomethyl)pyridine (98%) were purchased from Sigma-Aldrich.","red, plated crystals",1138
1195,"PbO (99.9%), SnCl2•2H2O (99%), hydroiodic acid (57 wt % in H2O, 99.95%), hypophosphorous acid solution (50 wt % in H2O), 3-(aminomethyl)-pyridine (99%), and 4-(aminomethyl)pyridine (98%) were purchased from Sigma-Aldrich.","black, plated crystals",1146
1196,"PbO (99.9%), SnCl2•2H2O (99%), hydroiodic acid (57 wt % in H2O, 99.95%), hypophosphorous acid solution (50 wt % in H2O), 3-(aminomethyl)-pyridine (99%), and 4-(aminomethyl)pyridine (98%) were purchased from Sigma-Aldrich.","black, plated crystals",1874
1197,"PbO (99.9%), SnCl2•2H2O (99%), hydroiodic acid (57 wt % in H2O, 99.95%), hypophosphorous acid solution (50 wt % in H2O), 3-(aminomethyl)-pyridine (99%), and 4-(aminomethyl)pyridine (98%) were purchased from Sigma-Aldrich.",orange plated crystals,1142
1198,"PbO (99.9%), SnCl2•2H2O (99%), hydroiodic acid (57 wt % in H2O, 99.95%), hypophosphorous acid solution (50 wt % in H2O), 3-(aminomethyl)-pyridine (99%), and 4-(aminomethyl)pyridine (98%) were purchased from Sigma-Aldrich.",orange plated crystals,1875
1199,"PbO (99.9%), SnCl2•2H2O (99%), hydroiodic acid (57 wt % in H2O, 99.95%), hypophosphorous acid solution (50 wt % in H2O), 3-(aminomethyl)-pyridine (99%), and 4-(aminomethyl)pyridine (98%) were purchased from Sigma-Aldrich.","dark red, plated crystals",1152
1200,"PbO (99.9%), SnCl2•2H2O (99%), hydroiodic acid (57 wt % in H2O, 99.95%), hypophosphorous acid solution (50 wt % in H2O), 3-(aminomethyl)-pyridine (99%), and 4-(aminomethyl)pyridine (98%) were purchased from Sigma-Aldrich.","dark red, plated crystals",1876
1201,"PbO (99.9%), SnCl2•2H2O (99%), hydroiodic acid (57 wt % in H2O, 99.95%), hypophosphorous acid solution (50 wt % in H2O), 3-(aminomethyl)-pyridine (99%), and 4-(aminomethyl)pyridine (98%) were purchased from Sigma-Aldrich.","black, plated crystals",1150
1202,"orange, plate-shaped crystals",,1017
1203,,"orange, plate-shaped crystals",1016
1204,,,1024
1205,,,1029
1206,,"dark orange, plate-shaped crystals",1033
1207,"Solid CsBr, BiBr, 9-M HBr, Solid AgBr",red-orange crystals,823
1208,"Tl(PF6), (TBA)Br (TBA = tetrabutylammonium), MeCN, HBr, BiBr3, (MA)Br",red octahedral single crystals,862
1209,"NDIC2, Pb2I6, DMF,",[(NDIC2)2Pb5I14(DMF)2]·4DMF,1877
1210,"(S)-(+)-1-methyl hexylamine or (S)-(+)-2-Aminoheptane (99%), PbI2, Aq. HI (57 wt. % in H2O, distilled, stabilized, 99.95%)",S-1-Me-HA2PbI4,1880
1211,"(S)-(−)-2-Methylbutylamine (95%), PbBr2, Aq. HBr (48 wt.% in H2O, ≥ 99.99%)",S-2-Me-BuA2PbBr4,1881
1212,"(S)-α-Methyl-4-nitrobenzylamine hydrochloride or (S)-4-nitro-α-methylbenzylamine hydrochloride [‘S-4-NO2-MBA∙HCl’, 97%], PbBr2,  Aq. HBr (48 wt.% in H2O, ≥ 99.99%)",S-4-NO2-MBA2PbBr4.H2O,1882
1213,"(S)-α-Methyl-4-nitrobenzylamine hydrochloride (97%), PbI2, Aq. HI (57 wt. % in H2O, distilled, stabilized, 99.95%), Aq. H3PO2 (50 wt.% in H2O)",S-4-NH3-MBA2PbI4,1883
1214,"(R)-4-chloro-a-methylbenzylamine (97%), PbBr2, Aq. HBr (48 wt.% in H2O, ≥ 99.99%)",R-4-Cl-MBA2PbBr4,1879
1215,"DMF , 33 mg ml−1 MACl ,33 mg mL−1 MAPbBr3 , 889 mg mL−1 FAPbI3,",FAPbI3,1884
1216,,,1885
1217,,,1886
1219,,,1888
1220,,,1889
1221,,,1890
1223,"PbBr2, PEABr, DMF, DMSO, Diethyl Ether, Chloroform",(PEA)2PbBr4 single crystal,1892
1224,"PbBr2, PEABr, DMF, DMSO, Diethyl Ether, Chloroform",(PEA)2PbBr4 single crystal,1893
1225,,,1894
1227,,,1896
1228,,,1897
1229,,,1898
1230,,,1899
1231,,,1900
1232,,,1901
1233,,,1902
1234,,,1903
1235,"PbCl2, HCl, CH3OH, PEA",Thin film on quartz,1904
1236,,,1905
1237,,,1906
1238,,,1907
1239,,,1908
1240,,,1909
1241,"PEABr, AgBr, InBr3",transparent plate-like crystals,1912
1242,"methylamine hydrochloride ; Butylamine  99.5%,  Lead(II)  iodide  99%, Lead(II)  oxide  powder,  <10  μm,  ReagentPlus®,  ≥99.9%  trace  metals  basis, Methylamine hydrochloride ≥98%, Hypophosphorous acid solution 50 wt. % in H2O",(CH3(CH2)3NH3)2PbI4,1913
1243,"i-BABr, AgBr, InBr3",transparent plate-like crystals,1916
1244,methylamine solution,(CH3NH3)2AgBiBr6,1917
1245,"CsCl, AgCl, InCl3, HCl",Cs2AgInCl6 microcrystals,1925
